Name,Brand,Price,Rating,Reviews,Discount,Length,Neck,Sleeve_Length,Sleeve_Style,Shape,Sizes_Available,Color_Count,Pocket,Material_&_Care,Product_Link,Category,Rating_Numeric,Reviews_Numeric,Sizes_Count,Discount_Percentage,Price_Per_Size,Rating_Score,Color_Category
Women Floral Printed Pure Cotton A-Line Midi Dress,Sangria,704,4.3 | 82 Ratings,82 Ratings,704,Midi,V-Neck,,,A-Line,"M, L, XL, XXL",4,No,Cotton,https://www.myntra.com/ethnic-dresses/sangria/sangria-women-floral-printed-pure-cotton-a-line-midi-dress/33440363/buy,Casual,4.3,82,4,0,176,4.3,High (4)
Women Maternity Floral Printed Ethnic Dress,Vaidiki,676,5 | 5 Ratings,5 Ratings,676,Maxi,Round Neck,,,,"5XL, 6XL, 7XL, 8XL",4,No,Viscose Rayon,https://www.myntra.com/ethnic-dresses/vaidiki/vaidiki-women-maternity-floral-printed-ethnic-dress/34899914/buy,Traditional,5,5,4,0,169,5,High (4)
Women Floral Thread Embroidered Ethnic Dress,Inddus,1596,4.2 | 61 Ratings,61 Ratings,1596,Maxi,V-Neck,,,,"XS, S, M, L, XL",4,No,Net,https://www.myntra.com/ethnic-dresses/inddus/inddus-women-floral-thread-embroidered-ethnic-dress/40815094/buy,Party Wear,4.2,61,5,0,319.2,4.2,High (4)
Women Floral Printed Round Neck Pure Cotton Maternity Fit & Flare Maxi Ethnic Dress,Henal,752,,,752,Maxi,Round Neck,Three-Quarter Sleeves,Regular Sleeves,,"M, L, XL, XXL",4,No,Cotton,https://www.myntra.com/ethnic-dresses/henal/henal-women-floral-printed-round-neck-pure-cotton-maternity-fit--flare-maxi-ethnic-dress/37686735/buy,Traditional,,,4,0,188,,High (4)
Embroidered Floral Ethnic Dresses,Angoshobha,3652,,,3652,Knee Length,Shirt Collar,Short Sleeves,,A-Line,M,4,No,Cotton,https://www.myntra.com/ethnic-dresses/angoshobha/angoshobha-embroidered-floral-ethnic-dresses/30487399/buy,Party Wear,,,1,0,3652,,High (4)
Women Maternity Plus Size Floral Printed Flared Ethnic Dress,Vaidiki,676,4.7 | 9 Ratings,9 Ratings,676,Maxi,Round Neck,,Regular Sleeves,Maxi,"5XL, 6XL, 7XL, 8XL",4,No,Viscose Rayon,https://www.myntra.com/ethnic-dresses/vaidiki/vaidiki-women-maternity-plus-size-floral-printed-flared-ethnic-dress/34899629/buy,Traditional,4.7,9,4,0,169,4.7,High (4)
Anayna Floral Print Pure Cotton Tiered Midi Ethnic Dress,anayna,1271,4.4 | 1.1k Ratings,1.1k Ratings,1271,Midi,,,,,"XS, S, M, L, XL, XXL, 3XL",3,No,Cotton,https://www.myntra.com/ethnic-dresses/anayna/anayna-floral-print-pure-cotton-tiered-midi-ethnic-dress/23158872/buy,Traditional,4.4,1100,7,0,181.5714286,4.4,Medium (3)
Women Floral Thread Embroidered Ethnic Dress,Inddus,1603,4.3 | 74 Ratings,74 Ratings,1603,Maxi,V-Neck,,,,"XS, S, M, L, XL",4,No,Net,https://www.myntra.com/ethnic-dresses/inddus/inddus-women-floral-thread-embroidered-ethnic-dress/38334655/buy,Party Wear,4.3,74,5,0,320.6,4.3,High (4)
Floral-Printed Empire Ethnic Dress,Sangria,757,4.2 | 1.2k Ratings,1.2k Ratings,757,Midi,V-Neck,Three-Quarter Sleeves,Regular Sleeves,A-Line,S,3,No,Viscose Rayon,https://www.myntra.com/ethnic-dresses/sangria/sangria-floral-printed-empire-ethnic-dress/24804524/buy,Traditional,4.2,1200,1,0,757,4.2,Medium (3)
Floral Embroidered Maxi Ethnic Dress,Soch,1860,4 | 8 Ratings,8 Ratings,1860,Maxi,V-Neck,Three-Quarter Sleeves,Regular Sleeves,Maxi,XL,4,No,Viscose Rayon,https://www.myntra.com/ethnic-dresses/soch/soch-floral-embroidered-maxi-ethnic-dress/24989024/buy,Party Wear,4,8,1,0,1860,4,High (4)
Floral Printed Maxi Ethnic Dress,CHANSI,958,4.1 | 35 Ratings,35 Ratings,958,Maxi,Round Neck,Three-Quarter Sleeves,,Maxi,"S, M, L, XL, XXL, 3XL, 4XL, 5XL",4,No,Georgette,https://www.myntra.com/ethnic-dresses/chansi/chansi-floral-printed-maxi-ethnic-dress/26088672/buy,Traditional,4.1,35,8,0,119.75,4.1,High (4)
Off White & Yellow Floral Ethnic Midi Dress,Biba,1655,4.1 | 32 Ratings,32 Ratings,1655,Midi,Round Neck,Three-Quarter Sleeves,Regular Sleeves,,"S, M, L, XL, 3XL",4,No,Viscose Rayon,https://www.myntra.com/ethnic-dresses/biba/biba-off-white--yellow-floral-ethnic-midi-dress/16585608/buy,Traditional,4.1,32,5,0,331,4.1,High (4)
Floral Printed Tiered Ethnic Dress,Janasya,925,4.1 | 9 Ratings,9 Ratings,925,Midi,Round Neck,,,,"XS, XXL",3,No,Georgette,https://www.myntra.com/ethnic-dresses/janasya/janasya-floral-printed-tiered-ethnic-dress/33476915/buy,Traditional,4.1,9,2,0,462.5,4.1,Medium (3)
Red Floral Net Ethnic Maxi Dress,White World,4999,4.6 | 22 Ratings,22 Ratings,4999,Maxi,,,,Maxi,"5-6Y, 7-8Y, 9-10Y, 11-12Y, 13-14Y",4,No,Net,https://www.myntra.com/ethnic-dresses/white+world/white-world-red-floral-net-ethnic-maxi-dress/19359720/buy,Traditional,4.6,22,5,0,999.8,4.6,High (4)
Floral Printed Fit and Flare Midi Ethnic Dress With Dupatta,SkyaSia,577,3.6 | 391 Ratings,391 Ratings,577,Midi,V-Neck,Three-Quarter Sleeves,Regular Sleeves,,"S, M, L, XL, XXL, 3XL",3,No,Viscose Rayon,https://www.myntra.com/ethnic-dresses/skyasia/skyasia-floral-printed-fit-and-flare-midi-ethnic-dress-with-dupatta/23581188/buy,Traditional,3.6,391,6,0,96.16666667,3.6,Medium (3)
Floral Print Tie-up Neck Paneled Shirt Style Dress,Sangria,869,3.9 | 70 Ratings,70 Ratings,869,Knee Length,Tie-Up Neck,,,,"XS, S, M, L, XL, XXL",3,No,Polyester,https://www.myntra.com/ethnic-dresses/sangria/sangria-floral-print--tie-up-neck-paneled-shirt-style-dress-/32330228/buy,Formal,3.9,70,6,0,144.8333333,3.9,Medium (3)
White Floral Ethnic Maxi Dress,KALINI,3599,3.9 | 563 Ratings,563 Ratings,3599,Maxi,Square Neck,Three-Quarter Sleeves,Regular Sleeves,Maxi,"S, M",4,No,Cotton,https://www.myntra.com/ethnic-dresses/kalini/kalini-white-floral-ethnic-maxi-dress/18374468/buy,Traditional,3.9,563,2,0,1799.5,3.9,High (4)
Women Pink Floral Embroidered Maxi Ethnic Dress,Vishudh,591,4.2 | 548 Ratings,548 Ratings,591,Maxi,Round Neck,Three-Quarter Sleeves,,Maxi,S,3,No,Viscose Rayon,https://www.myntra.com/ethnic-dresses/vishudh/vishudh-women-pink-floral-embroidered-maxi-ethnic-dress/11524936/buy,Party Wear,4.2,548,1,0,591,4.2,Medium (3)
Floral Printed Maxi Ethnic Dress,SAPTRANGI,18558,,,18558,Maxi,,Short Sleeves,,Maxi,M,4,No,Satin,https://www.myntra.com/ethnic-dresses/saptrangi/saptrangi-floral-printed-maxi-ethnic-dress/33625137/buy,Traditional,,,1,0,18558,,High (4)
Cotton Floral Ethnic Midi Ethnic Dress,SUTI,1979,,,1979,Midi,Round Neck,Three-Quarter Sleeves,Regular Sleeves,,"S, M, L",4,No,Cotton,https://www.myntra.com/ethnic-dresses/suti/suti-cotton-floral-ethnic-midi-ethnic-dress/21263754/buy,Traditional,,,3,0,659.6666667,,High (4)
Women Floral Printed Midi Ethnic Dresses,anayna,1670,4.4 | 1.1k Ratings,1.1k Ratings,1670,Midi,,,,,"XS, S, M, L, XL, XXL, 3XL",3,No,Georgette,https://www.myntra.com/ethnic-dresses/anayna/anayna-women-floral-printed-midi-ethnic-dresses/31742090/buy,Traditional,4.4,1100,7,0,238.5714286,4.4,Medium (3)
Floral Print Mandarin Collar Gota Lace Yoke Flared Hem A-Line Maxi Dress,Globus,1475,4.2 | 69 Ratings,69 Ratings,1475,Maxi,Mandarin Collar,,,A-Line,"S, M, L, XL",4,No,Viscose Rayon,https://www.myntra.com/ethnic-dresses/globus/globus-floral-print-mandarin-collar-gota-lace-yoke-flared-hem-a-line-maxi-dress/35118763/buy,Seasonal Wear,4.2,69,4,0,368.75,4.2,High (4)
Women Floral Printed Ethnic Dress,Inddus,1498,,,1498,Maxi,Shoulder Straps,,,,"XS, S, M, L, XL, XXL",4,No,"Polyester, Polyester",https://www.myntra.com/ethnic-dresses/inddus/inddus-women-floral-printed-ethnic-dress/40455498/buy,Traditional,,,6,0,249.6666667,,High (4)
Blue Floral Ethnic A-Line Cotton Midi Ethnic Dress,anayna,1298,4.3 | 2.2k Ratings,2.2k Ratings,1298,Midi,Strapless,Three-Quarter Sleeves,,A-Line,"XS, S, M, L, XL, XXL, 3XL",3,No,Cotton,https://www.myntra.com/ethnic-dresses/anayna/anayna-blue-floral-ethnic-a-line-cotton-midi-ethnic-dress/21334312/buy,Traditional,4.3,2200,7,0,185.4285714,4.3,Medium (3)
Floral Printed Round Neck Gathered Fit & Flare Cotton Maternity Ethnic Dress,MURLI KURTI,495,4 | 1.4k Ratings,1.4k Ratings,495,Midi,Round Neck,Three-Quarter Sleeves,Regular Sleeves,,"M, L, XL, XXL",3,No,Cotton,https://www.myntra.com/ethnic-dresses/murli+kurti/murli-kurti-floral-printed-round-neck-gathered-fit--flare-cotton-maternity-ethnic-dress/30742562/buy,Traditional,4,1400,4,0,123.75,4,Medium (3)
Floral Printed Pure Cotton Maternity Ethnic Dresses,Tulsiram,549,4.1 | 155 Ratings,155 Ratings,549,Midi,Round Neck,Three-Quarter Sleeves,Regular Sleeves,A-Line,"M, L, XL, XXL",4,No,Cotton,https://www.myntra.com/ethnic-dresses/tulsiram/tulsiram-floral-printed-pure-cotton-maternity-ethnic-dresses/32396190/buy,Traditional,4.1,155,4,0,137.25,4.1,High (4)
Floral Printed V-Neck A-Line Midi Ethnic Dress,Anni Designer,767,3 | 7 Ratings,7 Ratings,767,Midi,V-Neck,Three-Quarter Sleeves,Regular Sleeves,A-Line,"S, M, L, XL, XXL",4,No,Cotton,https://www.myntra.com/ethnic-dresses/anni+designer/anni-designer-floral-printed-v-neck-a-line-midi-ethnic-dress/29972588/buy,Traditional,3,7,5,0,153.4,3,High (4)
Floral Printed Anarkali Ethnic Dress & Dupatta,VASTRAMAY,1349,,,1349,Maxi,Shoulder Straps,,,,2-3Y,4,No,Cotton,https://www.myntra.com/ethnic-dresses/vastramay/vastramay-floral-printed-anarkali-ethnic-dress--dupatta/24099124/buy,Traditional,,,1,0,1349,,High (4)
Floral Yoke Design Thread Work Anarkali Dresses,DMP FASHION,497,3.9 | 8 Ratings,8 Ratings,497,Midi,Round Neck,Three-Quarter Sleeves,Regular Sleeves,Maxi,"S, M, L, XL, XXL, 3XL",4,No,Viscose Rayon,https://www.myntra.com/ethnic-dresses/dmp+fashion/dmp-fashion-floral-yoke-design-thread-work-anarkali-dresses/33342638/buy,Seasonal Wear,3.9,8,6,0,82.83333333,3.9,High (4)
Floral Embroidered Thread Work Georgette Fit and Flare Ethnic Dress,KALINI,1359,4.2 | 486 Ratings,486 Ratings,1359,Maxi,Round Neck,Three-Quarter Sleeves,Regular Sleeves,,"S, M, L, XL, XXL",3,No,Georgette,https://www.myntra.com/ethnic-dresses/kalini/kalini-floral-embroidered-thread-work-georgette-fit-and-flare-ethnic-dress/31209059/buy,Party Wear,4.2,486,5,0,271.8,4.2,Medium (3)
Festive Floral Printed Ethnic Dress,Taavi,1273,4.5 | 22 Ratings,22 Ratings,1273,Midi,V-Neck,,,A-Line,"XS, S, M, L",3,No,"Cotton, Viscose Rayon",https://www.myntra.com/ethnic-dresses/taavi/taavi-festive-floral-printed-ethnic-dress/30093887/buy,Traditional,4.5,22,4,0,318.25,4.5,Medium (3)
Women Plus Size Floral Printed Maxi Ethnic Dress,Souchii,2799,,,2799,Maxi,,,,Maxi,"XXL, 3XL",4,No,Chiffon,https://www.myntra.com/ethnic-dresses/souchii/souchii-women-plus-size-floral-printed-maxi-ethnic-dress/30843664/buy,Traditional,,,2,0,1399.5,,High (4)
Women Floral Printed Flared Midi Dress,anayna,1399,4.6 | 960 Ratings,960 Ratings,1399,Midi,,,,,"XS, S, M, L, XL, XXL, 3XL",4,No,Georgette,https://www.myntra.com/ethnic-dresses/anayna/anayna-women-floral-printed-flared-midi-dress/31742105/buy,Casual,4.6,960,7,0,199.8571429,4.6,High (4)
Floral Printed Ethnic Dress,Krunal Raiyani,798,,,798,Maxi,Round Neck,,Regular Sleeves,,"S, M, L, XL, XXL",4,No,Crepe,https://www.myntra.com/ethnic-dresses/krunal+raiyani/krunal-raiyani-floral-printed-ethnic-dress/40218698/buy,Traditional,,,5,0,159.6,,High (4)
Purple Floral Ethnic Maxi Dress,Ethnovog,2060,,,2060,Maxi,Round Neck,Three-Quarter Sleeves,Regular Sleeves,Maxi,XS,4,No,Nylon,https://www.myntra.com/ethnic-dresses/ethnovog/ethnovog-purple-floral-ethnic-maxi-dress/19791570/buy,Traditional,,,1,0,2060,,High (4)
Floral Embroidered Maxi Ethnic Dress With Dupatta,SAPTRANGI,10957,,,10957,Maxi,,Short Sleeves,,Maxi,S,4,No,Satin,https://www.myntra.com/ethnic-dresses/saptrangi/saptrangi-floral-embroidered-maxi-ethnic-dress-with-dupatta/33625268/buy,Party Wear,,,1,0,10957,,High (4)
Floral Printed Maxi Ethnic Dress,AKS Couture,1884,4.6 | 25 Ratings,25 Ratings,1884,Maxi,Shoulder Straps,,,Maxi,XXL,4,No,Cotton,https://www.myntra.com/ethnic-dresses/aks+couture/aks-couture-floral-printed-maxi-ethnic-dress/24487128/buy,Traditional,4.6,25,1,0,1884,4.6,High (4)
Dabu Floral Printed Cotton Linen Midi Shirt Ethnic Dresses,Taavi,1084,4.7 | 30 Ratings,30 Ratings,1084,Midi,Shirt Collar,,Regular Sleeves,,"XS, S, M, L, XL",4,No,Cotton,https://www.myntra.com/ethnic-dresses/taavi/taavi-dabu-floral-printed-cotton-linen-midi-shirt-ethnic-dresses/37948499/buy,Traditional,4.7,30,5,0,216.8,4.7,High (4)
Floral Printed Floral Ethnic Dress,Stylum,599,4.1 | 12 Ratings,12 Ratings,599,Midi,Mandarin Collar,Three-Quarter Sleeves,Regular Sleeves,A-Line,"S, M, L, XL",4,No,Viscose Rayon,https://www.myntra.com/ethnic-dresses/stylum/stylum-floral-printed-floral-ethnic-dress/21645000/buy,Traditional,4.1,12,4,0,149.75,4.1,High (4)
Floral Printed Tiered Ethnic Dress,Janasya,925,4.6 | 18 Ratings,18 Ratings,925,Midi,,,,,"XL, XXL, 3XL",4,No,Georgette,https://www.myntra.com/ethnic-dresses/janasya/janasya-floral-printed-tiered-ethnic-dress/33477042/buy,Traditional,4.6,18,3,0,308.3333333,4.6,High (4)
Women Green & Maroon Floral Printed Tiered Fit and Flare Dress,Rain & Rainbow,1107,4.5 | 948 Ratings,948 Ratings,1107,Midi,V-Neck,,,,"S, M, L, XL, XXL",3,No,Cotton,https://www.myntra.com/ethnic-dresses/rain+%26+rainbow/rain--rainbow-women-green--maroon-floral-printed-tiered-fit-and-flare-dress/11357104/buy,Casual,4.5,948,5,0,221.4,4.5,Medium (3)
Floral Printed Tiered Ethnic A-Line Dresses,Rain & Rainbow,930,3.5 | 6 Ratings,6 Ratings,930,Above Knee,Mandarin Collar,,,,"XS, S, M, L",4,No,Cotton,https://www.myntra.com/ethnic-dresses/rain+%26+rainbow/rain--rainbow-floral-printed-tiered-ethnic-a-line-dresses/37335398/buy,Traditional,3.5,6,4,0,232.5,3.5,High (4)
Floral Printed Fit & Flare Maternity Ethnic Dress,Tulsiram,549,4.4 | 37 Ratings,37 Ratings,549,Maxi,Round Neck,Three-Quarter Sleeves,Regular Sleeves,Maxi,"M, L, XL, XXL",4,No,Viscose Rayon,https://www.myntra.com/ethnic-dresses/tulsiram/tulsiram-floral-printed-fit--flare-maternity-ethnic-dress/34856827/buy,Traditional,4.4,37,4,0,137.25,4.4,High (4)
Floral Printed Round Neck Fit & Flare Midi Maternity Ethnic Dress,Pristyle,482,4.1 | 84 Ratings,84 Ratings,482,Midi,Round Neck,,,,"M, L, XL, XXL",4,No,Cotton,https://www.myntra.com/ethnic-dresses/pristyle/pristyle-floral-printed-round-neck-fit--flare-midi-maternity-ethnic-dress/32267189/buy,Traditional,4.1,84,4,0,120.5,4.1,High (4)
Floral Printed Ethnic Dress,Sangria,719,3.1 | 14 Ratings,14 Ratings,719,Midi,V-Neck,,,A-Line,"XS, S, M, L, XL, XXL",4,No,Polyester,https://www.myntra.com/ethnic-dresses/sangria/sangria-floral-printed-ethnic-dress/31624983/buy,Traditional,3.1,14,6,0,119.8333333,3.1,High (4)
Women Floral Printed Ethnic Dress,Bachuu,426,3.8 | 35 Ratings,35 Ratings,426,Maxi,Round Neck,,Regular Sleeves,A-Line,"S, M",4,No,Viscose Rayon,https://www.myntra.com/ethnic-dresses/bachuu/bachuu-women-floral-printed-ethnic-dress/21503512/buy,Traditional,3.8,35,2,0,213,3.8,High (4)
Floral Printed Ruffles Fit & Flare Maxi Ethnic Dress,KALINI,1300,4.8 | 17 Ratings,17 Ratings,1300,Maxi,V-Neck,,Regular Sleeves,Maxi,"XS, S, M, L, XL, XXL, 3XL, 4XL, 5XL, 6XL, 7XL",4,No,Viscose Rayon,https://www.myntra.com/ethnic-dresses/kalini/kalini-floral-printed-ruffles-fit--flare-maxi-ethnic-dress/25941226/buy,Traditional,4.8,17,11,0,118.1818182,4.8,High (4)
Pure Cotton Floral Printed V-Neck Tie-Ups Mirror Work A-Line Sanganeri Ethnic Dress,Taavi,1536,4.3 | 26 Ratings,26 Ratings,1536,Midi,V-Neck,Three-Quarter Sleeves,Regular Sleeves,A-Line,"XS, S, M, L, XL",3,Yes,Cotton,https://www.myntra.com/ethnic-dresses/taavi/taavi-pure-cotton-floral-printed-v-neck-tie-ups-mirror-work-a-line-sanganeri-ethnic-dress/36500138/buy,Traditional,4.3,26,5,0,307.2,4.3,Medium (3)
Floral Embroidered Maxi Pure Cotton Ethnic Dress,Divena,1399,4.2 | 50 Ratings,50 Ratings,1399,Maxi,Round Neck,Three-Quarter Sleeves,Regular Sleeves,Maxi,"XS
Rs. 1399, S
Rs. 1399, M
Rs. 1399, L
Rs. 1399, XL
Rs. 1399, XXL
Rs. 1399, 3XL
Rs. 1528, 5XL
Rs. 1528, 6XL
Rs. 1528",4,No,Cotton,https://www.myntra.com/ethnic-dresses/divena/divena-floral-embroidered-maxi-pure-cotton-ethnic-dress/24825720/buy,Party Wear,4.2,50,9,0,155.4444444,4.2,High (4)
Yellow & Pink Floral Embroidered Ethnic Maxi Dress,Ethnovog,6339,,,6339,Maxi,Round Neck,,,Maxi,"XS, S, XXL",4,No,Poly Silk,https://www.myntra.com/ethnic-dresses/ethnovog/ethnovog-yellow--pink-floral-embroidered-ethnic-maxi-dress/21232980/buy,Party Wear,,,3,0,2113,,High (4)
Maroon & Black Floral Ethnic Maxi Dress,Vishudh,395,4.2 | 710 Ratings,710 Ratings,395,Maxi,V-Neck,Three-Quarter Sleeves,Regular Sleeves,Maxi,S,3,No,Viscose Rayon,https://www.myntra.com/ethnic-dresses/vishudh/vishudh-maroon--black-floral-ethnic-maxi-dress/15637670/buy,Traditional,4.2,710,1,0,395,4.2,Medium (3)
Women Floral Embroidered Ethnic Dress,Sangria,1460,,,1460,Maxi,Round Neck,,Regular Sleeves,Maxi,"S, M, L, XL, XXL",4,No,"Silk, Polyester",https://www.myntra.com/ethnic-dresses/sangria/sangria-women-floral-embroidered-ethnic-dress/36880465/buy,Party Wear,,,5,0,292,,High (4)
Floral Printed Maternity Ethnic Dress,True Shape,684,4.2 | 264 Ratings,264 Ratings,684,Midi,Round Neck,Three-Quarter Sleeves,Regular Sleeves,,"M, L, XL, XXL, 3XL",4,No,Cotton,https://www.myntra.com/ethnic-dresses/true+shape/true-shape-floral-printed-maternity-ethnic-dress/23972976/buy,Traditional,4.2,264,5,0,136.8,4.2,High (4)
Floral Printed Cotton Anarkali Maternity Dress,MURLI KURTI,495,4.1 | 2.1k Ratings,2.1k Ratings,495,Maxi,Round Neck,Three-Quarter Sleeves,Regular Sleeves,,"M, L, XL, XXL",4,No,Cotton,https://www.myntra.com/ethnic-dresses/murli+kurti/murli-kurti-floral-printed-cotton-anarkali-maternity-dress/30742492/buy,Casual,4.1,2100,4,0,123.75,4.1,High (4)
Women Floral Printed V-Neck Empire Ethnic Dress,CTMTEX,490,4.1 | 367 Ratings,367 Ratings,490,Maxi,V-Neck,,,,"S, M, L, XL, XXL, 3XL",4,No,Cotton,https://www.myntra.com/ethnic-dresses/ctmtex/ctmtex-women-floral-printed-v-neck-empire-ethnic-dress/32183561/buy,Traditional,4.1,367,6,0,81.66666667,4.1,High (4)
Plus Size Floral Print Crepe Layered A-line Maxi Ethnic Dress,A PLUS BY AHALYAA,1674,4.1 | 804 Ratings,804 Ratings,1674,Maxi,V-Neck,Three-Quarter Sleeves,Regular Sleeves,A-Line,"3XL, 4XL, 5XL, 6XL, 7XL",3,No,Crepe,https://www.myntra.com/ethnic-dresses/a+plus+by+ahalyaa/a-plus-by-ahalyaa-plus-size-floral-print-crepe-layered-a-line-maxi-ethnic-dress/23853060/buy,Traditional,4.1,804,5,0,334.8,4.1,Medium (3)
Green & Pink Cotton Floral Ethnic Dress,GULAB CHAND TRENDS,734,4.4 | 367 Ratings,367 Ratings,734,Midi,V-Neck,,Regular Sleeves,,XXL,3,No,Cotton,https://www.myntra.com/ethnic-dresses/gulab+chand+trends/gulab-chand-trends-green--pink-cotton-floral-ethnic-dress/20860938/buy,Traditional,4.4,367,1,0,734,4.4,Medium (3)
Floral Printed Tiered Fit & Flare Ethnic Dresses,KASYA,894,4.6 | 209 Ratings,209 Ratings,894,Midi,Shoulder Straps,,,,"XS, S, M, L, XL, XXL",3,No,Viscose Rayon,https://www.myntra.com/ethnic-dresses/kasya/kasya-floral-printed-tiered-fit--flare-ethnic-dresses/29407270/buy,Traditional,4.6,209,6,0,149,4.6,Medium (3)
White Floral Embroidered Ethnic Dress,KALINI,3599,4.1 | 24 Ratings,24 Ratings,3599,Knee Length,Round Neck,Three-Quarter Sleeves,Regular Sleeves,,"S, XL, XXL",4,No,Cotton,https://www.myntra.com/ethnic-dresses/kalini/kalini-white-floral-embroidered-ethnic-dress/19041586/buy,Party Wear,4.1,24,3,0,1199.666667,4.1,High (4)
Women Floral Zari and Sequinned Embroidered Fit and Flare Dress,Sangria,1751,4.2 | 206 Ratings,206 Ratings,1751,Maxi,V-Neck,,,Maxi,"XS, M, XL, XXL",3,No,Georgette,https://www.myntra.com/ethnic-dresses/sangria/sangria-women-floral-zari-and-sequinned-embroidered-fit-and-flare-dress/26862720/buy,Party Wear,4.2,206,4,0,437.75,4.2,Medium (3)
Floral Printed Maxi Ethnic Dress,Biba,1039,4.1 | 62 Ratings,62 Ratings,1039,Maxi,Round Neck,,Regular Sleeves,Maxi,"S, M, L, XL, XXL",4,Yes,Polyester,https://www.myntra.com/ethnic-dresses/biba/biba-floral-printed-maxi-ethnic-dress/25073006/buy,Traditional,4.1,62,5,0,207.8,4.1,High (4)
Floral Printed Cotton Anarkali Maternity Dress,MURLI KURTI,495,4 | 1.4k Ratings,1.4k Ratings,495,Maxi,Round Neck,Three-Quarter Sleeves,Regular Sleeves,,"M, L, XL, XXL",3,No,Cotton,https://www.myntra.com/ethnic-dresses/murli+kurti/murli-kurti-floral-printed-cotton-anarkali-maternity-dress/30742681/buy,Casual,4,1400,4,0,123.75,4,Medium (3)
Floral Ethnic A-Line Maxi Ethnic Dress,Gerua By Libas,439,4.2 | 226 Ratings,226 Ratings,439,Maxi,Round Neck,Three-Quarter Sleeves,Regular Sleeves,A-Line,XS,3,No,Silk,https://www.myntra.com/ethnic-dresses/gerua+by+libas/gerua-by-libas-floral-ethnic-a-line-maxi-ethnic-dress/21325200/buy,Party Wear,4.2,226,1,0,439,4.2,Medium (3)
FOXDX Women Floral Embroidered Anarkali Ethnic Dress,FoxDX,891,4.4 | 287 Ratings,287 Ratings,891,Maxi,Sweetheart Neck,,,Maxi,M,4,No,Georgette,https://www.myntra.com/ethnic-dresses/foxdx/foxdx-women-floral-embroidered-anarkali-ethnic-dress/38451535/buy,Party Wear,4.4,287,1,0,891,4.4,High (4)
Floral Embroidered A-Line Maxi Ethnic Dresses,Inddus,1606,4.2 | 194 Ratings,194 Ratings,1606,Maxi,Round Neck,Short Sleeves,,A-Line,"XS, S, M, L, XL, XXL",3,No,Net,https://www.myntra.com/ethnic-dresses/inddus/inddus-floral-embroidered--a-line-maxi-ethnic-dresses/30659051/buy,Party Wear,4.2,194,6,0,267.6666667,4.2,Medium (3)
Floral Printed Pure Cotton Fit & Flare Midi Dress,Rain & Rainbow,1147,4.4 | 279 Ratings,279 Ratings,1147,Midi,Mandarin Collar,Three-Quarter Sleeves,Regular Sleeves,,"S, M, L, XL, XXL",3,No,Cotton,https://www.myntra.com/ethnic-dresses/rain+%26+rainbow/rain--rainbow-floral-printed-pure-cotton-fit--flare-midi-dress/29918666/buy,Casual,4.4,279,5,0,229.4,4.4,Medium (3)
Floral Printed A-Line Maxi Ethnic Dress With Belt,anayna,1497,4.5 | 3.7k Ratings,3.7k Ratings,1497,Maxi,V-Neck,Three-Quarter Sleeves,Regular Sleeves,A-Line,"XS, S, M, L, XL, XXL, 3XL",3,No,Cotton,https://www.myntra.com/ethnic-dresses/anayna/anayna-floral-printed-a-line-maxi-ethnic-dress-with-belt/30745318/buy,Traditional,4.5,3700,7,0,213.8571429,4.5,Medium (3)
Women Floral Printed Empire Ethnic Dress,Ahalyaa,1214,3.9 | 769 Ratings,769 Ratings,1214,Midi,V-Neck,,,,"XS, S, M, L, XL, XXL",3,No,Crepe,https://www.myntra.com/ethnic-dresses/ahalyaa/ahalyaa-women-floral-printed-empire-ethnic-dress/23814298/buy,Traditional,3.9,769,6,0,202.3333333,3.9,Medium (3)
Maroon Gold Floral Maxi Ethnic Dress Cut-Out with Tassels,Ethnovog,2513,,,2513,Maxi,Boat Neck,Three-Quarter Sleeves,,Maxi,"XS, M, XL, 3XL",4,No,Viscose Rayon,https://www.myntra.com/ethnic-dresses/ethnovog/ethnovog-maroon--gold-floral-maxi-ethnic-dress-cut-out-with-tassels/19791600/buy,Traditional,,,4,0,628.25,,High (4)
Floral Printed Round Neck Zipless Maternity Ethnic Dresses,RITIJYA,681,3.4 | 19 Ratings,19 Ratings,681,Midi,Round Neck,Three-Quarter Sleeves,Regular Sleeves,Maxi,"S, M, L, XL, XXL, 3XL, 4XL",4,No,"Viscose Rayon, Viscose Rayon, Viscose Rayon",https://www.myntra.com/ethnic-dresses/ritijya/ritijya-floral-printed-round-neck-zipless-maternity-ethnic-dresses/32572538/buy,Traditional,3.4,19,7,0,97.28571429,3.4,High (4)
Floral Printed Puff Sleeves Knee Length Fit & Flare Dress,PINK VYBE,499,,,499,Three-Quarter Sleeves,,Three-Quarter Sleeves,,,"S, M, L, XL, XXL",4,No,"blue and white dress
floral printed
fit & flare shaped
mandarin collar
three-quarter, puff sleeves
gathered or pleated detail
knee length length in flared hem
button closure",https://www.myntra.com/ethnic-dresses/pink+vybe/pink-vybe-floral-printed-puff-sleeves-knee-length-fit--flare-dress/37636192/buy,Casual,,,5,0,99.8,,High (4)
Floral Embroidered Maxi Ethnic Dress With Dupatta,SAPTRANGI,18558,,,18558,Maxi,,Short Sleeves,,Maxi,S,4,No,Satin,https://www.myntra.com/ethnic-dresses/saptrangi/saptrangi-floral-embroidered-maxi-ethnic-dress-with-dupatta-/33625139/buy,Party Wear,,,1,0,18558,,High (4)
Women Fuchsia Floral Embroidered Ethnic Dress,Sangria,1404,,,1404,Maxi,Round Neck,Three-Quarter Sleeves,,,"S, M, L, XL, XXL",4,No,"Silk, Polyester",https://www.myntra.com/ethnic-dresses/sangria/sangria-women-fuchsia-floral-embroidered-ethnic-dress/36880460/buy,Party Wear,,,5,0,280.8,,High (4)
Floral Printed Ethnic Dress,Krunal Raiyani,798,,,798,Maxi,Round Neck,,Regular Sleeves,,"S, M, L, XL, XXL",4,No,Crepe,https://www.myntra.com/ethnic-dresses/krunal+raiyani/krunal-raiyani-floral-printed-ethnic-dress/40218695/buy,Traditional,,,5,0,159.6,,High (4)
Pink & light gray Floral Ethnic Midi Dress,RANGMANCH BY PANTALOONS,2469,,,2469,Midi,Round Neck,,Regular Sleeves,,M,4,No,Poly Silk,https://www.myntra.com/ethnic-dresses/rangmanch+by+pantaloons/rangmanch-by-pantaloons-pink--light-gray-floral-ethnic-midi-dress/18807184/buy,Party Wear,,,1,0,2469,,High (4)
Batik Floral Dyed Mandarin Collar Gathered Pure Cotton A-Line Ethnic Dresses,Taavi,1139,,,1139,Above Knee,Mandarin Collar,,,A-Line,"XS, S, M, L, XL",4,No,Cotton,https://www.myntra.com/ethnic-dresses/taavi/taavi-batik-floral-dyed-mandarin-collar-gathered-pure-cotton-a-line-ethnic-dresses/37948506/buy,Traditional,,,5,0,227.8,,High (4)
Women Floral Printed V-Neck Empire Ethnic Dress,CTMTEX,490,4.1 | 364 Ratings,364 Ratings,490,Maxi,V-Neck,,,,"S, M, L, XL, XXL, 3XL",4,No,Cotton,https://www.myntra.com/ethnic-dresses/ctmtex/ctmtex-women-floral-printed-v-neck-empire-ethnic-dress/32183558/buy,Traditional,4.1,364,6,0,81.66666667,4.1,High (4)
Floral Embroidered Maxi Ethnic Dress With Dupatta,SAPTRANGI,18558,,,18558,Maxi,,Short Sleeves,,Maxi,S,4,No,Satin,https://www.myntra.com/ethnic-dresses/saptrangi/saptrangi-floral-embroidered-maxi-ethnic-dress-with-dupatta-/33625154/buy,Party Wear,,,1,0,18558,,High (4)
Floral Embroidered Maxi Ethnic Dress With Dupatta,SAPTRANGI,18558,,,18558,Maxi,,Short Sleeves,,Maxi,S,4,No,Satin,https://www.myntra.com/ethnic-dresses/saptrangi/saptrangi-floral-embroidered-maxi-ethnic-dress-with-dupatta-/33625150/buy,Party Wear,,,1,0,18558,,High (4)
Floral Printed Gathered or Pleated Cotton A-Line Ethnic Dress,MURLI KURTI,497,4 | 1.4k Ratings,1.4k Ratings,497,Midi,Round Neck,Three-Quarter Sleeves,Regular Sleeves,A-Line,"M, L, XL, XXL",3,No,Cotton,https://www.myntra.com/ethnic-dresses/murli+kurti/murli-kurti-floral-printed-gathered-or-pleated-cotton-a-line-ethnic-dress/30742519/buy,Traditional,4,1400,4,0,124.25,4,Medium (3)
Floral Printed A-Line Angrakha Cotton Ethnic Dress,Sangria,792,3.9 | 8 Ratings,8 Ratings,792,Knee Length,V-Neck,,Regular Sleeves,A-Line,"S, M, L, XL, XXL",4,No,Cotton,https://www.myntra.com/ethnic-dresses/sangria/sangria-floral-printed-a-line-angrakha-cotton-ethnic-dress/28159260/buy,Traditional,3.9,8,5,0,158.4,3.9,High (4)
Women Green & Maroon Sequinned Floral Printed Ethnic Maxi Dress,W,2560,4.1 | 114 Ratings,114 Ratings,2560,Maxi,Round Neck,Three-Quarter Sleeves,Regular Sleeves,Maxi,"XS, S",4,No,"Viscose Rayon, Polyester",https://www.myntra.com/ethnic-dresses/w/w-women-green--maroon-sequinned-floral-printed-ethnic-maxi-dress/19642552/buy,Traditional,4.1,114,2,0,1280,4.1,High (4)
Floral-Printed Knitted Midi Ethnic Dresses,Rain & Rainbow,1350,4.7 | 64 Ratings,64 Ratings,1350,Midi,Shoulder Straps,,Regular Sleeves,,"S, M, L, XL",4,No,Viscose Rayon,https://www.myntra.com/ethnic-dresses/rain+%26+rainbow/rain--rainbow-floral-printed-knitted-midi-ethnic-dresses/35905991/buy,Traditional,4.7,64,4,0,337.5,4.7,High (4)
Floral Printed Ethnic Dress,Krunal Raiyani,798,,,798,Maxi,Round Neck,,Regular Sleeves,,"S, M, L, XL, XXL",4,No,Crepe,https://www.myntra.com/ethnic-dresses/krunal+raiyani/krunal-raiyani-floral-printed-ethnic-dress/40218696/buy,Traditional,,,5,0,159.6,,High (4)
Floral Print Cotton A-Line Ethnic Dress,Sangria,699,4.1 | 112 Ratings,112 Ratings,699,Above Knee,Round Neck,,Regular Sleeves,,"XS, S, M, L, XL, XXL",3,Yes,Cotton,https://www.myntra.com/ethnic-dresses/sangria/sangria-floral-print-cotton-a-line-ethnic-dress/32076375/buy,Traditional,4.1,112,6,0,116.5,4.1,Medium (3)
Floral Printed Tiered Ethnic Dress,Janasya,875,3.9 | 34 Ratings,34 Ratings,875,Midi,Sweetheart Neck,Three-Quarter Sleeves,Regular Sleeves,,"XS, S, M, L, XL, XXL",4,No,Georgette,https://www.myntra.com/ethnic-dresses/janasya/janasya-floral-printed-tiered-ethnic-dress/33476906/buy,Traditional,3.9,34,6,0,145.8333333,3.9,High (4)
Floral Embroidered Georgette A Line Dress,KALINI,1359,4.3 | 55 Ratings,55 Ratings,1359,Maxi,Round Neck,Three-Quarter Sleeves,Regular Sleeves,A-Line,"S
Rs. 1352, M
Rs. 1359, L
Rs. 1359, XL
Rs. 1359, XXL
Rs. 1359",3,No,Georgette,https://www.myntra.com/ethnic-dresses/kalini/kalini-floral-embroidered-georgette-a-line-dress/31240681/buy,Party Wear,4.3,55,5,0,271.8,4.3,Medium (3)
Floral Printed Maternity A-Line Midi Ethnic Dress,MURLI KURTI,497,4.1 | 2.1k Ratings,2.1k Ratings,497,Midi,Round Neck,Three-Quarter Sleeves,Regular Sleeves,A-Line,"M, L, XL, XXL",4,No,Viscose Rayon,https://www.myntra.com/ethnic-dresses/murli+kurti/murli-kurti-floral-printed-maternity-a-line-midi-ethnic-dress/30742507/buy,Traditional,4.1,2100,4,0,124.25,4.1,High (4)
Floral Printed Fit & Flared Maxi Dress,Chandbaali,1356,3.8 | 29 Ratings,29 Ratings,1356,Maxi,Round Neck,,,Maxi,"S, M, L, XL, XXL",4,No,Viscose Rayon,https://www.myntra.com/ethnic-dresses/chandbaali/chandbaali-floral-printed-fit--flared-maxi-dress/33063332/buy,Casual,3.8,29,5,0,271.2,3.8,High (4)
Floral Printed Maternity Ethnic Dress,True Shape,684,4.2 | 267 Ratings,267 Ratings,684,Midi,Round Neck,Three-Quarter Sleeves,Regular Sleeves,,"M, L, XL, XXL, 3XL",4,No,Cotton,https://www.myntra.com/ethnic-dresses/true+shape/true-shape-floral-printed-maternity-ethnic-dress/23972954/buy,Traditional,4.2,267,5,0,136.8,4.2,High (4)
Women Floral Printed Ethnic Dress,KALINI,869,4.5 | 6 Ratings,6 Ratings,869,Midi,Round Neck,Three-Quarter Sleeves,,,"S, M, L, XL, XXL, 3XL, 4XL, 5XL",4,No,Cotton,https://www.myntra.com/ethnic-dresses/kalini/kalini-women-floral-printed-ethnic-dress/36903625/buy,Traditional,4.5,6,8,0,108.625,4.5,High (4)
Grey & Blue Floral Ethnic Maxi Dress,KALINI,3599,3.8 | 45 Ratings,45 Ratings,3599,Maxi,Round Neck,,Regular Sleeves,Maxi,M,4,No,Viscose Rayon,https://www.myntra.com/ethnic-dresses/kalini/kalini-grey--blue-floral-ethnic-maxi-dress/19041562/buy,Traditional,3.8,45,1,0,3599,3.8,High (4)
Floral Embroidered Round Neck Gathered Georgette Fit & Flare Maxi Ethnic Dress,KALINI,1359,4.3 | 521 Ratings,521 Ratings,1359,Maxi,Round Neck,,Regular Sleeves,Maxi,"S, M, L, XL, XXL",3,No,Georgette,https://www.myntra.com/ethnic-dresses/kalini/kalini-floral-embroidered-round-neck-gathered-georgette-fit--flare-maxi-ethnic-dress/31209169/buy,Party Wear,4.3,521,5,0,271.8,4.3,Medium (3)
Floral Printed Ruffles Fit & Flare Maxi Dress,anayna,1503,4.5 | 432 Ratings,432 Ratings,1503,Maxi,,,,Maxi,"XS, S, M, L, XL, XXL, 3XL",3,No,Cotton,https://www.myntra.com/ethnic-dresses/anayna/anayna-floral-printed-ruffles-fit--flare-maxi-dress/22306142/buy,Casual,4.5,432,7,0,214.7142857,4.5,Medium (3)
Magenta Floral Ethnic Maxi Dress,WISHFUL,4440,3.2 | 17 Ratings,17 Ratings,4440,Maxi,Tie-Up Neck,Three-Quarter Sleeves,Regular Sleeves,Maxi,"XS, S, M, L",4,No,Georgette,https://www.myntra.com/ethnic-dresses/wishful/wishful-magenta-floral-ethnic-maxi-dress/20628050/buy,Traditional,3.2,17,4,0,1110,3.2,High (4)
Women Floral Embroidered Ethnic Dress,Sangria,1359,4.3 | 126 Ratings,126 Ratings,1359,Maxi,Round Neck,,Regular Sleeves,Maxi,"S, M, L, XL, XXL",3,No,"Polyester, Silk",https://www.myntra.com/ethnic-dresses/sangria/sangria-women-floral-embroidered-ethnic-dress/36880462/buy,Party Wear,4.3,126,5,0,271.8,4.3,Medium (3)
Floral Printed Round Neck Cotton Maternity Maxi Ethnic Dresses,MURLI KURTI,536,4.2 | 118 Ratings,118 Ratings,536,Maxi,Round Neck,,,Maxi,"M, L, XL, XXL",4,No,Cotton,https://www.myntra.com/ethnic-dresses/murli+kurti/murli-kurti-floral-printed-round-neck-cotton-maternity-maxi-ethnic-dresses/30748844/buy,Traditional,4.2,118,4,0,134,4.2,High (4)
Girls Floral & Sequinned Embroidered Ethnic Dress,Inddus,1879,4.6 | 24 Ratings,24 Ratings,1879,Maxi,V-Neck,,,A-Line,10Y,4,No,Georgette,https://www.myntra.com/ethnic-dresses/inddus/inddus-girls-floral--sequinned-embroidered-ethnic-dress/34362648/buy,Party Wear,4.6,24,1,0,1879,4.6,High (4)
Floral Printed Round Neck Cotton Fit and Flare Maternity Ethnic Dress,MURLI KURTI,495,4.2 | 500 Ratings,500 Ratings,495,Maxi,Round Neck,Three-Quarter Sleeves,Regular Sleeves,,"M, L, XL, XXL",4,No,Cotton,https://www.myntra.com/ethnic-dresses/murli+kurti/murli-kurti-floral-printed-round-neck-cotton-fit-and-flare-maternity-ethnic-dress/30742610/buy,Traditional,4.2,500,4,0,123.75,4.2,High (4)
Mustard Yellow & Red Floral Layered Ethnic Maxi Dress,HELLO DESIGN,625,4.1 | 69 Ratings,69 Ratings,625,Maxi,,Three-Quarter Sleeves,Regular Sleeves,Maxi,"S, M, L, XL",4,No,Cotton,https://www.myntra.com/ethnic-dresses/hello+design/hello-design-mustard-yellow--red-floral-layered-ethnic-maxi-dress/17564482/buy,Traditional,4.1,69,4,0,156.25,4.1,High (4)
Beige Floral Print Maxi Ethnic Dress,W,2449,4.1 | 94 Ratings,94 Ratings,2449,Maxi,Round Neck,Three-Quarter Sleeves,Regular Sleeves,Maxi,"XS
Rs. 2449, S
Rs. 2449, M
Rs. 2449, XXL
Rs. 2600",3,No,Viscose Rayon,https://www.myntra.com/ethnic-dresses/w/w-beige-floral-print-maxi-ethnic-dress/22627496/buy,Traditional,4.1,94,4,0,612.25,4.1,Medium (3)
Women Floral Printed Pure Cotton Maternity Ethnic Dresses,Tulsiram,549,4 | 177 Ratings,177 Ratings,549,Maxi,Round Neck,Three-Quarter Sleeves,Regular Sleeves,A-Line,"M, L, XL, XXL",4,No,Cotton,https://www.myntra.com/ethnic-dresses/tulsiram/tulsiram-women-floral-printed-pure-cotton-maternity-ethnic-dresses/32396176/buy,Traditional,4,177,4,0,137.25,4,High (4)
Navy Blue & White Floral Ethnic Maxi Dress,Sangria X fwd,365,4.1 | 54 Ratings,54 Ratings,365,Maxi,Round Neck,,,,"XS, S",3,No,Viscose Rayon,https://www.myntra.com/ethnic-dresses/sangria+x+fwd/sangria-x-fwd--navy-blue--white-floral-ethnic-maxi-dress/19033174/buy,Traditional,4.1,54,2,0,182.5,4.1,Medium (3)
Floral Printed Tiered Ethnic Dress,Janasya,875,4 | 5 Ratings,5 Ratings,875,Midi,Square Neck,Three-Quarter Sleeves,Regular Sleeves,,XS,3,Yes,Georgette,https://www.myntra.com/ethnic-dresses/janasya/janasya-floral-printed-tiered-ethnic-dress/33476932/buy,Traditional,4,5,1,0,875,4,Medium (3)
Floral Printed Maxi Ethnic Dress,MADHURAM,994,4.3 | 89 Ratings,89 Ratings,994,Maxi,Round Neck,,Regular Sleeves,Maxi,"S, M",3,No,Viscose Rayon,https://www.myntra.com/ethnic-dresses/madhuram/madhuram-floral-printed-maxi-ethnic-dress/28778032/buy,Traditional,4.3,89,2,0,497,4.3,Medium (3)
Women Floral Printed Anarkali Ethnic Dress,NANERA,434,2.4 | 7 Ratings,7 Ratings,434,Midi,Round Neck,Three-Quarter Sleeves,Regular Sleeves,,"S, M, L, XL, XXL, 3XL, 4XL",4,No,Viscose Rayon,https://www.myntra.com/ethnic-dresses/nanera/nanera-women-floral-printed-anarkali-ethnic-dress/36649660/buy,Traditional,2.4,7,7,0,62,2.4,High (4)
Floral Printed Round Neck Cotton Fit & Flare Maternity Midi Dress,MURLI KURTI,499,4.1 | 2.1k Ratings,2.1k Ratings,499,Maxi,Round Neck,Three-Quarter Sleeves,Regular Sleeves,,"M, L, XL, XXL",4,No,Cotton,https://www.myntra.com/ethnic-dresses/murli+kurti/murli-kurti-floral-printed-round-neck-cotton-fit--flare-maternity-midi-dress/30742607/buy,Casual,4.1,2100,4,0,124.75,4.1,High (4)
Floral Printed Maternity Fit & Flare Pure Cotton Midi Ethnic Dress,MURLI KURTI,498,4.5 | 11 Ratings,11 Ratings,498,Midi,Round Neck,Three-Quarter Sleeves,Regular Sleeves,,"M, L, XL, XXL, 3XL",4,No,Cotton,https://www.myntra.com/ethnic-dresses/murli+kurti/murli-kurti-floral-printed-maternity-fit--flare-pure-cotton-midi-ethnic-dress/37354598/buy,Traditional,4.5,11,5,0,99.6,4.5,High (4)
Floral Printed A-Line Dress,Sangria,836,,,836,Knee Length,Shirt Collar,Short Sleeves,,A-Line,"XS, S, M, L, XL, XXL",4,No,Viscose Rayon,https://www.myntra.com/ethnic-dresses/sangria/sangria-floral-printed-a-line-dress/39981958/buy,Casual,,,6,0,139.3333333,,High (4)
Floral Embroidered Georgette Maxi Fit and Flare Ethnic Dress,KALINI,1359,4.3 | 517 Ratings,517 Ratings,1359,Maxi,Round Neck,,Regular Sleeves,Maxi,"S, M, L, XL, XXL",4,No,Georgette,https://www.myntra.com/ethnic-dresses/kalini/kalini-floral-embroidered-georgette-maxi-fit-and-flare-ethnic-dress/31209154/buy,Party Wear,4.3,517,5,0,271.8,4.3,High (4)
Kalamkari Indie Floral Printed Pure Cotton A-line Ethnic Dress with Jacket,Taavi,1589,,,1589,Knee Length,Square Neck,,,A-Line,"XS, S, M, L, XL, XXL",4,Yes,Cotton,https://www.myntra.com/ethnic-dresses/taavi/taavi-kalamkari-indie-floral-printed-pure-cotton-a-line-ethnic-dress-with-jacket/36500013/buy,Traditional,,,6,0,264.8333333,,High (4)
Floral Printed Gathered or Pleated Cotton A-Line Ethnic Dress,MURLI KURTI,495,4.1 | 60 Ratings,60 Ratings,495,Midi,Round Neck,Three-Quarter Sleeves,Regular Sleeves,A-Line,"M, L, XL, XXL",4,No,Cotton,https://www.myntra.com/ethnic-dresses/murli+kurti/murli-kurti-floral-printed-gathered-or-pleated-cotton-a-line-ethnic-dress/30742466/buy,Traditional,4.1,60,4,0,123.75,4.1,High (4)
Pink Floral Ethnic Maxi Dress,Ethnovog,3559,3.3 | 6 Ratings,6 Ratings,3559,Maxi,Boat Neck,,Regular Sleeves,Maxi,S,4,No,Cotton,https://www.myntra.com/ethnic-dresses/ethnovog/ethnovog-pink-floral-ethnic-maxi-dress/14976092/buy,Traditional,3.3,6,1,0,3559,3.3,High (4)
Women Floral Printed Maxi Dress,anayna,894,4.5 | 41.3k Ratings,41.3k Ratings,894,Maxi,Round Neck,,,Maxi,"XS, S, M, L, XL, XXL, 3XL",3,No,Cotton,https://www.myntra.com/ethnic-dresses/anayna/anayna-women-floral-printed-maxi-dress/26972212/buy,Casual,4.5,41300,7,0,127.7142857,4.5,Medium (3)
Floral Printed Bagru Ethnic Dress,Taavi,1518,4.4 | 34 Ratings,34 Ratings,1518,Midi,,Three-Quarter Sleeves,,,"XS, S, M, XL",3,Yes,Cotton,https://www.myntra.com/ethnic-dresses/taavi/taavi-floral-printed-bagru-ethnic-dress/36499995/buy,Traditional,4.4,34,4,0,379.5,4.4,Medium (3)
Women Floral Embroidered Sequined Thread Cording Maxi Gown Ethnic Dress,Sangria,1600,4.1 | 352 Ratings,352 Ratings,1600,Maxi,Round Neck,Three-Quarter Sleeves,Regular Sleeves,,"S, L, XL, XXL, 3XL",4,No,Silk,https://www.myntra.com/ethnic-dresses/sangria/sangria-women-floral-embroidered-sequined-thread-cording-maxi-gown-ethnic-dress/37716005/buy,Party Wear,4.1,352,5,0,320,4.1,High (4)
Women Maternity Plus Size Floral Printed Flared Cotton Ethnic Dress,Vaidiki,580,4.6 | 29 Ratings,29 Ratings,580,Maxi,Round Neck,,Regular Sleeves,Maxi,"5XL, 6XL, 7XL, 8XL",4,No,Cotton,https://www.myntra.com/ethnic-dresses/vaidiki/vaidiki-women-maternity-plus-size-floral-printed-flared-cotton-ethnic-dress/34431759/buy,Traditional,4.6,29,4,0,145,4.6,High (4)
Floral Printed Round Neck Fit and Flare Cotton Ethnic Dresses,MURLI KURTI,499,4 | 1.4k Ratings,1.4k Ratings,499,Maxi,Round Neck,Three-Quarter Sleeves,Regular Sleeves,,"M, L, XL, XXL",3,No,Cotton,https://www.myntra.com/ethnic-dresses/murli+kurti/murli-kurti-floral-printed-round-neck-fit-and-flare-cotton-ethnic-dresses/30742823/buy,Traditional,4,1400,4,0,124.75,4,Medium (3)
Floral Printed Round Neck Cotton Fit and Flare Maternity Ethnic Dress,MURLI KURTI,497,4.1 | 2.1k Ratings,2.1k Ratings,497,Maxi,Round Neck,Three-Quarter Sleeves,Regular Sleeves,,"M, L, XL, XXL",3,No,Cotton,https://www.myntra.com/ethnic-dresses/murli+kurti/murli-kurti-floral-printed-round-neck-cotton-fit-and-flare-maternity-ethnic-dress/30742567/buy,Traditional,4.1,2100,4,0,124.25,4.1,Medium (3)
Floral Printed Fit & Flare Midi Ethnic Dresses,Shae by SASSAFRAS,1471,4.3 | 1.1k Ratings,1.1k Ratings,1471,Midi,V-Neck,Three-Quarter Sleeves,Regular Sleeves,,"XS, S, L, XL",3,No,Poly Silk,https://www.myntra.com/ethnic-dresses/shae+by+sassafras/shae-by-sassafras-floral-printed-fit--flare-midi-ethnic-dresses/25052808/buy,Party Wear,4.3,1100,4,0,367.75,4.3,Medium (3)
Floral Printed Cotton A-Line Ethnic Dress,GULMOHAR JAIPUR,928,4 | 243 Ratings,243 Ratings,928,Midi,Round Neck,,Regular Sleeves,A-Line,"S, M, L, XL, XXL",4,No,Cotton,https://www.myntra.com/ethnic-dresses/gulmohar+jaipur/gulmohar-jaipur-floral-printed-cotton-a-line-ethnic-dress/28162616/buy,Traditional,4,243,5,0,185.6,4,High (4)
Women Floral Thread Embroidered Ethnic Dress,Inddus,1596,4.3 | 73 Ratings,73 Ratings,1596,Maxi,V-Neck,,,,XS,4,No,Net,https://www.myntra.com/ethnic-dresses/inddus/inddus-women-floral-thread-embroidered-ethnic-dress/40815096/buy,Party Wear,4.3,73,1,0,1596,4.3,High (4)
Purple & Gold-Toned Floral Jacquard Self-Belt Maxi Dress,Shae by SASSAFRAS,1224,4.3 | 1.7k Ratings,1.7k Ratings,1224,Maxi,,,,Maxi,"XS
Rs. 1224, S
Rs. 1224, M
Rs. 1224, L
Rs. 1224, XL
Rs. 999, XXL
Rs. 1224",3,No,Jacquard,https://www.myntra.com/ethnic-dresses/shae+by+sassafras/shae-by-sassafras-purple--gold-toned-floral-jacquard-self-belt-maxi-dress/15194498/buy,Seasonal Wear,4.3,1700,6,0,204,4.3,Medium (3)
Floral Printed Maxi Ethnic Dress,Ethnovog,3359,,,3359,Maxi,,,,Maxi,"XS, S",4,No,Georgette,https://www.myntra.com/ethnic-dresses/ethnovog/ethnovog-floral-printed-maxi-ethnic-dress/23781922/buy,Traditional,,,2,0,1679.5,,High (4)
Floral Printed Round Neck Gathered Fit & Flare Cotton Maternity Ethnic Dress,MURLI KURTI,495,4.1 | 163 Ratings,163 Ratings,495,Midi,Round Neck,Three-Quarter Sleeves,Regular Sleeves,,"M, L, XL, XXL",4,No,Cotton,https://www.myntra.com/ethnic-dresses/murli+kurti/murli-kurti-floral-printed-round-neck-gathered-fit--flare-cotton-maternity-ethnic-dress/30742834/buy,Traditional,4.1,163,4,0,123.75,4.1,High (4)
Floral Printed Maxi Dresses,KALINI,1183,3.1 | 50 Ratings,50 Ratings,1183,Maxi,Sweetheart Neck,,,,"S, M, L, XL, XXL",4,No,Cotton,https://www.myntra.com/ethnic-dresses/kalini/kalini-floral-printed-maxi-dresses/35410769/buy,Casual,3.1,50,5,0,236.6,3.1,High (4)
Floral Printed Pure Cotton A-Line Indigo Craft Ethnic Dress,Taavi,1289,4.1 | 8 Ratings,8 Ratings,1289,Midi,Square Neck,,,A-Line,"XS, S, M, L, XL, XXL",4,Yes,Cotton,https://www.myntra.com/ethnic-dresses/taavi/taavi-floral-printed-pure-cotton-a-line-indigo-craft-ethnic-dress/36500143/buy,Traditional,4.1,8,6,0,214.8333333,4.1,High (4)
Floral Printed Maternity Ethnic Dress,True Shape,684,4.2 | 268 Ratings,268 Ratings,684,Midi,Round Neck,Three-Quarter Sleeves,Regular Sleeves,,"M, L, XL, XXL, 3XL",4,No,Cotton,https://www.myntra.com/ethnic-dresses/true+shape/true-shape-floral-printed-maternity-ethnic-dress/23972964/buy,Traditional,4.2,268,5,0,136.8,4.2,High (4)
Indie Floral Foil Printed Gathers V-Neck A-Line Rogan Crafted Ethnic Dress,Taavi,923,4.4 | 5 Ratings,5 Ratings,923,Midi,V-Neck,,,A-Line,"XS, S, M, L, XL",4,No,Cotton,https://www.myntra.com/ethnic-dresses/taavi/taavi-indie-floral-foil-printed-gathers-v-neck-a-line-rogan-crafted-ethnic-dress/36500085/buy,Traditional,4.4,5,5,0,184.6,4.4,High (4)
Floral Printed Round Neck Maternity Cotton Fit and Flare Dress,MURLI KURTI,495,4.1 | 164 Ratings,164 Ratings,495,Midi,Round Neck,Three-Quarter Sleeves,Regular Sleeves,,"M, L, XL, XXL, 3XL",4,Yes,Cotton,https://www.myntra.com/ethnic-dresses/murli+kurti/murli-kurti-floral-printed-round-neck-maternity-cotton-fit-and-flare-dress/32314103/buy,Casual,4.1,164,5,0,99,4.1,High (4)
Floral Printed Round-Neck Cotton A-Line Maternity Ethnic Dress,FASHION SWAG,492,4 | 24 Ratings,24 Ratings,492,Midi,Round Neck,Three-Quarter Sleeves,Regular Sleeves,A-Line,"M, L, XL, XXL",4,No,Cotton,https://www.myntra.com/ethnic-dresses/fashion+swag/fashion-swag-floral-printed-round-neck-cotton-a-line-maternity-ethnic-dress/36695722/buy,Traditional,4,24,4,0,123,4,High (4)
Women Maternity Plus Size Floral Printed Flared Cotton Ethnic Dress,Vaidiki,580,4.8 | 9 Ratings,9 Ratings,580,Maxi,Round Neck,,Regular Sleeves,Maxi,"5XL, 6XL, 7XL, 8XL",4,No,Cotton,https://www.myntra.com/ethnic-dresses/vaidiki/vaidiki-women-maternity-plus-size-floral-printed-flared-cotton-ethnic-dress/34431754/buy,Traditional,4.8,9,4,0,145,4.8,High (4)
Floral Printed Ethnic Maxi Dress With Dupatta,KUNDAN FAB,5556,,,5556,Maxi,Mandarin Collar,Three-Quarter Sleeves,Regular Sleeves,Maxi,XL,4,No,Crepe,https://www.myntra.com/ethnic-dresses/kundan+fab/kundan-fab-floral-printed-ethnic-maxi-dress-with-dupatta/31332223/buy,Traditional,,,1,0,5556,,High (4)
Floral Printed Round Neck Pure Cotton Midi A-line Kurta,all about you,594,4 | 113 Ratings,113 Ratings,594,Midi,Round Neck,Three-Quarter Sleeves,Regular Sleeves,A-Line,"S, M, L, XXL",4,No,Cotton,https://www.myntra.com/ethnic-dresses/all+about+you/all-about-you-floral-printed-round-neck-pure-cotton-midi-a-line-kurta/32313037/buy,Casual,4,113,4,0,148.5,4,High (4)
Floral Printed Ethnic Dress,Krunal Raiyani,798,,,798,Maxi,Round Neck,,Regular Sleeves,,"S, M, L, XL, XXL",4,No,Crepe,https://www.myntra.com/ethnic-dresses/krunal+raiyani/krunal-raiyani-floral-printed-ethnic-dress/40218693/buy,Traditional,,,5,0,159.6,,High (4)
Women Maternity Plus Size Floral Printed Flared Cotton Ethnic Dress,Vaidiki,580,4.6 | 12 Ratings,12 Ratings,580,Maxi,Round Neck,,Regular Sleeves,Maxi,"5XL, 6XL, 7XL, 8XL",4,No,Cotton,https://www.myntra.com/ethnic-dresses/vaidiki/vaidiki-women-maternity-plus-size-floral-printed-flared-cotton-ethnic-dress/34431762/buy,Traditional,4.6,12,4,0,145,4.6,High (4)
Floral Printed Fit & Flared Midi Ethnic Dress,Anouk,1216,4 | 56 Ratings,56 Ratings,1216,Midi,,Three-Quarter Sleeves,Regular Sleeves,,"XS, S, M, L, XL, XXL",4,No,Chiffon,https://www.myntra.com/ethnic-dresses/anouk/anouk-floral-printed-fit--flared-midi-ethnic-dress/32508235/buy,Traditional,4,56,6,0,202.6666667,4,High (4)
Floral Printed Pure Cotton A-Line Midi Dress,Rain & Rainbow,713,4.1 | 7 Ratings,7 Ratings,713,Midi,Shoulder Straps,,,A-Line,"XS, S, M, L",4,No,Cotton,https://www.myntra.com/ethnic-dresses/rain+%26+rainbow/rain--rainbow-floral-printed-pure-cotton-a-line-midi-dress/33950526/buy,Casual,4.1,7,4,0,178.25,4.1,High (4)
Women Floral Printed Cotton Layered Maxi Ethnic Dress,Sangria,1445,4.7 | 12 Ratings,12 Ratings,1445,Maxi,Round Neck,,Regular Sleeves,Maxi,"S, M, L, XL, XXL",4,No,Cotton,https://www.myntra.com/ethnic-dresses/sangria/sangria-women-floral-printed-cotton-layered-maxi-ethnic-dress/33126785/buy,Traditional,4.7,12,5,0,289,4.7,High (4)
Green Floral Print Ethnic Maxi Dress,Ethnovog,6254,,,6254,Maxi,Square Neck,Three-Quarter Sleeves,Regular Sleeves,Maxi,"S, L, XL, XXL",4,No,Silk,https://www.myntra.com/ethnic-dresses/ethnovog/ethnovog-green-floral-print-ethnic-maxi-dress/22408852/buy,Party Wear,,,4,0,1563.5,,High (4)
Muslin Floral Printed Anarkali Ethnic Dress & Dupatta,VASTRAMAY,1349,4.1 | 62 Ratings,62 Ratings,1349,Maxi,V-Neck,,,Maxi,"4-5Y, 5-6Y, 7-8Y",4,No,Cotton,https://www.myntra.com/ethnic-dresses/vastramay/vastramay-muslin-floral-printed-anarkali-ethnic-dress--dupatta/22080248/buy,Traditional,4.1,62,3,0,449.6666667,4.1,High (4)
Floral Printed Gathered or Pleated Cotton A-Line Ethnic Dress,MURLI KURTI,497,4.1 | 2.1k Ratings,2.1k Ratings,497,Midi,Round Neck,Three-Quarter Sleeves,Regular Sleeves,A-Line,"S, M, L, XL, XXL, 3XL",3,No,Cotton,https://www.myntra.com/ethnic-dresses/murli+kurti/murli-kurti-floral-printed-gathered-or-pleated-cotton-a-line-ethnic-dress/30742836/buy,Traditional,4.1,2100,6,0,82.83333333,4.1,Medium (3)
Women Maternity Plus Size Floral Printed Flared Cotton Ethnic Dress,Vaidiki,580,4.8 | 12 Ratings,12 Ratings,580,Maxi,Round Neck,,Regular Sleeves,Maxi,"5XL, 6XL, 7XL, 8XL",4,No,Cotton,https://www.myntra.com/ethnic-dresses/vaidiki/vaidiki-women-maternity-plus-size-floral-printed-flared-cotton-ethnic-dress/34431774/buy,Traditional,4.8,12,4,0,145,4.8,High (4)
Women Ethnic Motifs Floral Anarkali Ethnic Dress,Stylee LIFESTYLE,4391,,,4391,Maxi,Round Neck,,Regular Sleeves,,XXL,4,No,Georgette,https://www.myntra.com/ethnic-dresses/stylee+lifestyle/stylee-lifestyle-women-ethnic-motifs-floral-anarkali-ethnic-dress/39986002/buy,Traditional,,,1,0,4391,,High (4)
Floral Embroidered Sequined Georgette Fit And Flare Ethnic Dress,Fashion Basket,1581,,,1581,Maxi,,,Regular Sleeves,Maxi,"S, M, L, XL, XXL",4,No,Georgette,https://www.myntra.com/ethnic-dresses/fashion+basket/fashion-basket-floral-embroidered-sequined-georgette-fit-and-flare-ethnic-dress/33703783/buy,Party Wear,,,5,0,316.2,,High (4)
Floral Printed Fit & Flared Ethnic Dress,Neemiya,676,4.3 | 13 Ratings,13 Ratings,676,Midi,Mandarin Collar,,,,"S, M, L, XL, XXL",4,No,Viscose Rayon,https://www.myntra.com/ethnic-dresses/neemiya/neemiya-floral-printed-fit--flared-ethnic-dress/36176072/buy,Traditional,4.3,13,5,0,135.2,4.3,High (4)
Floral Printed Maxi Ethnic Dress,ASPORA,1598,4.2 | 39 Ratings,39 Ratings,1598,Maxi,V-Neck,,,Maxi,"S, M, L, XL, XXL",3,No,Georgette,https://www.myntra.com/ethnic-dresses/aspora/aspora-floral-printed-maxi-ethnic-dress/30484643/buy,Traditional,4.2,39,5,0,319.6,4.2,Medium (3)
Women Floral Printed Anarkali Ethnic Dress,NANERA,434,,,434,Midi,V-Neck,Three-Quarter Sleeves,Regular Sleeves,,XL,4,No,Viscose Rayon,https://www.myntra.com/ethnic-dresses/nanera/nanera-women-floral-printed-anarkali-ethnic-dress/36649661/buy,Traditional,,,1,0,434,,High (4)
Floral Printed Round Neck Gotta Patti Fit and Flare Maternity Ethnic Dress,MURLI KURTI,495,4.1 | 2.1k Ratings,2.1k Ratings,495,Maxi,Round Neck,Three-Quarter Sleeves,Regular Sleeves,,"M, L, XL, XXL, 3XL",4,No,Cotton,https://www.myntra.com/ethnic-dresses/murli+kurti/murli-kurti-floral-printed-round-neck-gotta-patti-fit-and-flare-maternity-ethnic-dress/30742596/buy,Traditional,4.1,2100,5,0,99,4.1,High (4)
Floral Embroidered Maxi Ethnic Dress With Dupatta,SAPTRANGI,18558,,,18558,Maxi,,Short Sleeves,,Maxi,S,4,No,Satin,https://www.myntra.com/ethnic-dresses/saptrangi/saptrangi-floral-embroidered-maxi-ethnic-dress-with-dupatta-/33625267/buy,Party Wear,,,1,0,18558,,High (4)
Floral Printed Maternity Anarkali Kurta,RANGEELO JAIPUR,455,3.8 | 40 Ratings,40 Ratings,455,Midi,Round Neck,Three-Quarter Sleeves,Regular Sleeves,,"M, L, XL, XXL",4,No,Viscose Rayon,https://www.myntra.com/ethnic-dresses/rangeelo+jaipur/rangeelo-jaipur-floral-printed-maternity-anarkali-kurta/35236566/buy,Casual,3.8,40,4,0,113.75,3.8,High (4)
Black Floral Embroidered Ethnic Maxi Dress,Cherry & Jerry,1624,4.2 | 62 Ratings,62 Ratings,1624,Maxi,Shoulder Straps,,Regular Sleeves,Maxi,10-11Y,4,No,Georgette,https://www.myntra.com/ethnic-dresses/cherry+%26+jerry/cherry--jerry-black-floral-embroidered-ethnic-maxi-dress/20992358/buy,Party Wear,4.2,62,1,0,1624,4.2,High (4)
Floral Geometric Print Wrap Shape Ethnic Dress,Sangria,1022,,,1022,Midi,V-Neck,Short Sleeves,,,"XS, S, M, L, XL, XXL",4,No,Satin,https://www.myntra.com/ethnic-dresses/sangria/sangria-floral-geometric-print-wrap-shape-ethnic-dress/36635230/buy,Traditional,,,6,0,170.3333333,,High (4)
Sanganeri Folk Floral Printed Pure Cotton Ethnic Dress,Taavi,1189,4.3 | 54 Ratings,54 Ratings,1189,Above Knee,V-Neck,Three-Quarter Sleeves,Regular Sleeves,A-Line,"XS
Rs. 1049, S
Rs. 1189, M
Rs. 1189, L
Rs. 1189, XL
Rs. 1189, XXL
Rs. 1189",3,No,Cotton,https://www.myntra.com/ethnic-dresses/taavi/taavi-sanganeri-folk-floral-printed-pure-cotton-ethnic-dress/30964940/buy,Traditional,4.3,54,6,0,198.1666667,4.3,Medium (3)
Navy Blue Floral Ethnic Midi Dress,Vishudh,437,4.4 | 1.2k Ratings,1.2k Ratings,437,Midi,Mandarin Collar,,Regular Sleeves,,"XL, XXL",4,No,Cotton,https://www.myntra.com/ethnic-dresses/vishudh/vishudh-navy-blue-floral-ethnic-midi-dress/17445628/buy,Traditional,4.4,1200,2,0,218.5,4.4,High (4)
Women Ethnic Motifs Floral Anarkali Ethnic Dress,Stylee LIFESTYLE,4328,,,4328,Maxi,,,Regular Sleeves,,XXL,4,No,Georgette,https://www.myntra.com/ethnic-dresses/stylee+lifestyle/stylee-lifestyle-women-ethnic-motifs-floral-anarkali-ethnic-dress/39986001/buy,Traditional,,,1,0,4328,,High (4)
Floral Printed Round Neck Cotton Fit and Flare Maternity Ethnic Dress,MURLI KURTI,499,4.1 | 205 Ratings,205 Ratings,499,Maxi,Round Neck,Three-Quarter Sleeves,Regular Sleeves,,"M, L, XL, XXL",3,No,Cotton,https://www.myntra.com/ethnic-dresses/murli+kurti/murli-kurti-floral-printed-round-neck-cotton-fit-and-flare-maternity-ethnic-dress/30742453/buy,Traditional,4.1,205,4,0,124.75,4.1,Medium (3)
Women Yellow Floral Printed Floral Anarkali Ethnic Dress,Soch,1999,4.2 | 18 Ratings,18 Ratings,1999,Maxi,Round Neck,Three-Quarter Sleeves,Regular Sleeves,,"XS, XL",4,No,Cotton,https://www.myntra.com/ethnic-dresses/soch/soch-women-yellow-floral-printed-floral-anarkali-ethnic-dress/19169110/buy,Traditional,4.2,18,2,0,999.5,4.2,High (4)
women pink Floral Ethnic Maxi Dress,PIROH,1830,4.4 | 19 Ratings,19 Ratings,1830,Maxi,Round Neck,Three-Quarter Sleeves,Regular Sleeves,Maxi,M,4,No,Cotton,https://www.myntra.com/ethnic-dresses/piroh/piroh-women-pink-floral-ethnic-maxi-dress/18942918/buy,Traditional,4.4,19,1,0,1830,4.4,High (4)
Floral Printed Tiered Dress,anayna,1399,4.5 | 10.1k Ratings,10.1k Ratings,1399,Maxi,V-Neck,,,,"XS, S, M, L, XL, XXL, 3XL",4,No,Cotton,https://www.myntra.com/ethnic-dresses/anayna/anayna-floral-printed-tiered-dress/39993324/buy,Casual,4.5,10100,7,0,199.8571429,4.5,High (4)
Women Floral Embellished Green Ethnic Dress,Adwitiya,4163,,,4163,Midi,Round Neck,Three-Quarter Sleeves,Regular Sleeves,Maxi,"M, XL",4,No,Georgette,https://www.myntra.com/ethnic-dresses/adwitiya/adwitiya-women-floral-embellished-green-ethnic-dress/30866410/buy,Traditional,,,2,0,2081.5,,High (4)
Blue Floral Ethnic Shirt Dress,Cloth Haus India,2879,,,2879,Midi,,,Regular Sleeves,,"S
Rs. 3800, M
Rs. 2879, L
Rs. 2879",4,No,Schiffli,https://www.myntra.com/ethnic-dresses/cloth+haus+india/cloth-haus-india-blue-floral-ethnic-shirt-dress/20910928/buy,Traditional,,,3,0,959.6666667,,High (4)
Women Blue & White Pure Cotton Floral Print Maxi Dress,Divena,894,4.3 | 972 Ratings,972 Ratings,894,Maxi,Shoulder Straps,,,Maxi,"XS, S, M, L, XL, XXL, 3XL, 4XL, 5XL, 6XL, 7XL",3,No,Cotton,https://www.myntra.com/ethnic-dresses/divena/divena-women-blue--white-pure-cotton-floral-print-maxi-dress/14101554/buy,Casual,4.3,972,11,0,81.27272727,4.3,Medium (3)
Floral Printed Pure Cotton Fit & Flare Ethnic Dress,Rain & Rainbow,1360,4.5 | 3.1k Ratings,3.1k Ratings,1360,Midi,Halter Neck,,,,"S, M, L, XL, XXL",3,No,Cotton,https://www.myntra.com/ethnic-dresses/rain+%26+rainbow/rain--rainbow-floral-printed-pure-cotton-fit--flare-ethnic-dress/30557109/buy,Traditional,4.5,3100,5,0,272,4.5,Medium (3)
Women Silk Maroon Floral Embroidered Ethnic Dress,Sangria,1396,4.3 | 129 Ratings,129 Ratings,1396,Maxi,Round Neck,Three-Quarter Sleeves,,,"S, M, L, XL",3,No,"Polyester, Poly Silk",https://www.myntra.com/ethnic-dresses/sangria/sangria-women-silk-maroon-floral-embroidered-ethnic-dress/36880461/buy,Party Wear,4.3,129,4,0,349,4.3,Medium (3)
Floral Printed Embroidered Gown Ethnic Dress,Rujave,882,2.1 | 9 Ratings,9 Ratings,882,Maxi,V-Neck,Three-Quarter Sleeves,Regular Sleeves,,"S, M, L, XL, XXL, 3XL, 4XL",4,No,Cotton,https://www.myntra.com/ethnic-dresses/rujave/rujave-floral-printed-embroidered-gown-ethnic-dress/32013248/buy,Party Wear,2.1,9,7,0,126,2.1,High (4)
Floral Printed Ethnic Dress,Krunal Raiyani,798,,,798,Maxi,Round Neck,,Regular Sleeves,,"S, M, L, XL, XXL",4,No,Crepe,https://www.myntra.com/ethnic-dresses/krunal+raiyani/krunal-raiyani-floral-printed-ethnic-dress/40218697/buy,Traditional,,,5,0,159.6,,High (4)
Girl Floral Embroidered Maxi Ethnic Dress,Inddus,1799,4.4 | 8 Ratings,8 Ratings,1799,Maxi,Round Neck,,,Maxi,"12Y, 14Y",4,No,Georgette,https://www.myntra.com/ethnic-dresses/inddus/inddus-girl-floral-embroidered-maxi-ethnic-dress/38623930/buy,Party Wear,4.4,8,2,0,899.5,4.4,High (4)
Bandhani Floral Printed Fit & Flare Ethnic Dress,Chandbaali,1362,3.8 | 29 Ratings,29 Ratings,1362,Maxi,Round Neck,,,Maxi,"S, M, L, XL, XXL",4,No,Viscose Rayon,https://www.myntra.com/ethnic-dresses/chandbaali/chandbaali-bandhani-floral-printed-fit--flare-ethnic-dress/33063357/buy,Traditional,3.8,29,5,0,272.4,3.8,High (4)
Floral Printed Cotton Fit & Flare Ethnic Dress,Anouk,596,4 | 34 Ratings,34 Ratings,596,Midi,Round Neck,Three-Quarter Sleeves,,,"S, M, L, XL, XXL",4,No,Cotton,https://www.myntra.com/ethnic-dresses/anouk/anouk-floral-printed-cotton-fit--flare-ethnic-dress/30742988/buy,Traditional,4,34,5,0,119.2,4,High (4)
Pink Floral Jacquard Ethnic Maxi Dress,White World,4898,3.9 | 31 Ratings,31 Ratings,4898,Maxi,Round Neck,,,Maxi,7-8Y,4,No,Silk,https://www.myntra.com/ethnic-dresses/white+world/white-world-pink-floral-jacquard-ethnic-maxi-dress/18330258/buy,Party Wear,3.9,31,1,0,4898,3.9,High (4)
Floral Embroidered Notch Neck Georgette Ethnic Dresses,Shae by SASSAFRAS,1349,4 | 246 Ratings,246 Ratings,1349,Maxi,Round Neck,,Regular Sleeves,,"S, M, L, XL, XXL",4,No,Georgette,https://www.myntra.com/ethnic-dresses/shae+by+sassafras/shae-by-sassafras-floral-embroidered-notch-neck-georgette-ethnic-dresses/32741851/buy,Party Wear,4,246,5,0,269.8,4,High (4)
Blue Floral Printed Cotton Midi Fit & Flared Dress,GLAM ROOTS,675,4.1 | 64 Ratings,64 Ratings,675,Midi,Round Neck,Three-Quarter Sleeves,Regular Sleeves,,"S, M, L, XL, XXL, 3XL",4,No,Cotton,https://www.myntra.com/ethnic-dresses/glam+roots/glam-roots-blue-floral-printed-cotton-midi-fit--flared-dress/17264432/buy,Casual,4.1,64,6,0,112.5,4.1,High (4)
Floral Embroidered Maxi Ethnic Dress With Dupatta,SAPTRANGI,12477,,,12477,Maxi,,Short Sleeves,,Maxi,S,4,No,Satin,https://www.myntra.com/ethnic-dresses/saptrangi/saptrangi-floral-embroidered-maxi-ethnic-dress-with-dupatta-/33625272/buy,Party Wear,,,1,0,12477,,High (4)
Floral Print Shoulder Straps Ethnic Dress,Anouk,593,4 | 44 Ratings,44 Ratings,593,Midi,V-Neck,,,,"XS, S, M, L, XL, XXL",3,No,Cotton,https://www.myntra.com/ethnic-dresses/anouk/anouk-floral-print-shoulder-straps-ethnic-dress/32467219/buy,Traditional,4,44,6,0,98.83333333,4,Medium (3)
Floral Printed Round Neck Tiered Fit & Flare Midi Ethnic Dress,A&K,998,4.4 | 110 Ratings,110 Ratings,998,Midi,Shoulder Straps,,,,"S, M, L, XL, XXL",3,No,Viscose Rayon,https://www.myntra.com/ethnic-dresses/a%26k/ak-floral-printed-round-neck-tiered-fit--flare-midi-ethnic-dress/32854575/buy,Traditional,4.4,110,5,0,199.6,4.4,Medium (3)
Yellow Floral Embroidered Ethnic Maxi Dress,Sangria,818,3.4 | 56 Ratings,56 Ratings,818,Maxi,V-Neck,Three-Quarter Sleeves,Regular Sleeves,Maxi,"S, M, L",4,No,Cotton,https://www.myntra.com/ethnic-dresses/sangria/sangria-yellow-floral-embroidered-ethnic-maxi-dress/19016912/buy,Party Wear,3.4,56,3,0,272.6666667,3.4,High (4)
Floral Printed Fit & Flare Midi Ethnic Dresses,Inddus,1670,,,1670,Midi,Shoulder Straps,,,,"XS, S, M, L, XL, XXL",4,No,Georgette,https://www.myntra.com/ethnic-dresses/inddus/inddus-floral-printed-fit--flare-midi-ethnic-dresses/41284917/buy,Traditional,,,6,0,278.3333333,,High (4)
Pink Floral Printed Maxi Ethnic Dress,Vishudh,989,4.2 | 220 Ratings,220 Ratings,989,Maxi,Round Neck,Three-Quarter Sleeves,Regular Sleeves,Maxi,S,4,No,Viscose Rayon,https://www.myntra.com/ethnic-dresses/vishudh/vishudh-pink-floral-printed-maxi-ethnic-dress/24585342/buy,Traditional,4.2,220,1,0,989,4.2,High (4)
Plus Size Floral Printed Fit & Flare Maxi Ethnic Dress,A PLUS BY AHALYAA,1509,4.2 | 146 Ratings,146 Ratings,1509,Maxi,Round Neck,,,Maxi,"3XL, 4XL, 5XL, 6XL, 7XL",3,No,Poly Silk,https://www.myntra.com/ethnic-dresses/a+plus+by+ahalyaa/a-plus-by-ahalyaa-plus-size-floral-printed-fit--flare-maxi-ethnic-dress/28392950/buy,Party Wear,4.2,146,5,0,301.8,4.2,Medium (3)
Floral Georgette Anarkali Ethnic Dress,KALINI,1510,4 | 5 Ratings,5 Ratings,1510,Maxi,Round Neck,,Regular Sleeves,,XL,4,No,Georgette,https://www.myntra.com/ethnic-dresses/kalini/kalini-floral-georgette-anarkali-ethnic-dress-/25536252/buy,Traditional,4,5,1,0,1510,4,High (4)
Floral Embroidered Gathered Sequinned Bell Sleeves Maxi Ethnic Dress,MADHURAM,1537,4.5 | 474 Ratings,474 Ratings,1537,Maxi,,Three-Quarter Sleeves,,Maxi,"S, L, XL, XXL, 3XL, 4XL",3,No,Satin,https://www.myntra.com/ethnic-dresses/madhuram/madhuram-floral-embroidered-gathered-sequinned-bell-sleeves-maxi-ethnic-dress/25100514/buy,Party Wear,4.5,474,6,0,256.1666667,4.5,Medium (3)
Floral Print Cotton A-Line Midi Ethnic Dress,Sangria,949,4.3 | 61 Ratings,61 Ratings,949,Midi,V-Neck,Three-Quarter Sleeves,Regular Sleeves,,"XS, S, M, L",3,Yes,Cotton,https://www.myntra.com/ethnic-dresses/sangria/sangria-floral-print-cotton-a-line-midi-ethnic-dress/32330179/buy,Traditional,4.3,61,4,0,237.25,4.3,Medium (3)
Floral Print Maxi Ethnic Dress,SUKRUTI DESIGN,4698,,,4698,Maxi,Round Neck,Three-Quarter Sleeves,Regular Sleeves,Maxi,"XL, XXL",4,No,Silk,https://www.myntra.com/ethnic-dresses/sukruti+design/sukruti-design-floral-print-maxi-ethnic-dress/30046692/buy,Party Wear,,,2,0,2349,,High (4)
Green & Red Floral Satin Ethnic Maxi Dress,WISHFUL,2880,4.1 | 17 Ratings,17 Ratings,2880,Maxi,Round Neck,,Regular Sleeves,Maxi,XS,4,No,Viscose Rayon,https://www.myntra.com/ethnic-dresses/wishful/wishful-green--red-floral-satin-ethnic-maxi-dress/19822910/buy,Traditional,4.1,17,1,0,2880,4.1,High (4)
Floral Embroidered Sequinned Georgette Fit & Flare Maxi Dress,KALINI,1359,4.3 | 100 Ratings,100 Ratings,1359,Maxi,Round Neck,Three-Quarter Sleeves,Regular Sleeves,Maxi,"S
Rs. 1359, M
Rs. 1359, L
Rs. 1525, XL
Rs. 1525, XXL
Rs. 1359",3,No,Georgette,https://www.myntra.com/ethnic-dresses/kalini/kalini-floral-embroidered-sequinned-georgette-fit--flare-maxi-dress/31240672/buy,Party Wear,4.3,100,5,0,271.8,4.3,Medium (3)
Women Blue Floral Printed Ethnic Maxi Dress,AURELIA,1740,4 | 119 Ratings,119 Ratings,1740,Maxi,Round Neck,Three-Quarter Sleeves,Regular Sleeves,Maxi,"XS, S, M, L",4,No,Cotton,https://www.myntra.com/ethnic-dresses/aurelia/aurelia-women-blue-floral-printed-ethnic-maxi-dress/20561812/buy,Traditional,4,119,4,0,435,4,High (4)
Relaxed Fit Floral Printed A-Line Pure Cotton Midi Dress,BLACK & BLAH BLAH,807,4 | 1.1k Ratings,1.1k Ratings,807,Knee Length,V-Neck,Short Sleeves,,A-Line,"S, M, L, XL, XXL",3,No,Cotton,https://www.myntra.com/ethnic-dresses/black+%26+blah+blah/black--blah-blah-relaxed-fit-floral-printed-a-line-pure-cotton-midi-dress/27950164/buy,Casual,4,1100,5,0,161.4,4,Medium (3)
Floral Embroidered Midi Ethnic Dress,Vorcia Febtex,382,3.9 | 25 Ratings,25 Ratings,382,Midi,Round Neck,Three-Quarter Sleeves,Regular Sleeves,,"S, M, XXL",4,No,Viscose Rayon,https://www.myntra.com/ethnic-dresses/vorcia+febtex/vorcia-febtex-floral-embroidered-midi-ethnic-dress/32706437/buy,Party Wear,3.9,25,3,0,127.3333333,3.9,High (4)
Women Floral Zari and Sequinned Embroidered Maxi Ethnic Dress,Sangria,1751,4.2 | 204 Ratings,204 Ratings,1751,Maxi,V-Neck,Short Sleeves,,,"XS, S, M, L, XL",4,No,Georgette,https://www.myntra.com/ethnic-dresses/sangria/sangria-women-floral-zari-and-sequinned-embroidered-maxi-ethnic-dress/30931374/buy,Party Wear,4.2,204,5,0,350.2,4.2,High (4)
Anayna Floral Printed Fit & Flare Ethnic Midi Dress,anayna,1304,4.5 | 230 Ratings,230 Ratings,1304,Midi,Square Neck,,,,"XS, S, M, L, XL, XXL, 3XL",3,No,Cotton,https://www.myntra.com/ethnic-dresses/anayna/anayna-floral-printed-fit--flare-ethnic-midi-dress/32630291/buy,Traditional,4.5,230,7,0,186.2857143,4.5,Medium (3)
Floral Geometric Print Wrap Shape Ethnic Dress,Sangria,1055,4 | 7 Ratings,7 Ratings,1055,Midi,V-Neck,Short Sleeves,,,"XS, S, M, L, XL, XXL",4,No,Satin,https://www.myntra.com/ethnic-dresses/sangria/sangria-floral-geometric-print-wrap-shape-ethnic-dress/36635231/buy,Traditional,4,7,6,0,175.8333333,4,High (4)
Floral Printed Gotta Patti Angrakha Maxi Ethnic Dress,Shae by SASSAFRAS,1439,4.3 | 1.1k Ratings,1.1k Ratings,1439,Maxi,,Three-Quarter Sleeves,Regular Sleeves,,"XS, S, M, L, XL, XXL",3,No,Satin,https://www.myntra.com/ethnic-dresses/shae+by+sassafras/shae-by-sassafras-floral-printed-gotta-patti-angrakha-maxi-ethnic-dress/25052824/buy,Traditional,4.3,1100,6,0,239.8333333,4.3,Medium (3)
Flared Floral Printed Pleated Ethnic Dress,Sangria,1899,4.4 | 7 Ratings,7 Ratings,1899,Maxi,Keyhole Neck,,Regular Sleeves,,"S, M",4,No,Georgette,https://www.myntra.com/ethnic-dresses/sangria/sangria-flared-floral-printed-pleated-ethnic-dress/33593445/buy,Traditional,4.4,7,2,0,949.5,4.4,High (4)
