Name,Brand,Price,Rating,Reviews,Discount,Length,Neck,Sleeve_Length,Sleeve_Style,Shape,Sizes_Available,Color_Count,Pocket,Material_&_Care,Product_Link,Category,Dress_Type,Price_Category,Size_Count,Rating_Category,Dress_Type_Encoded
Women Floral Printed Pure Cotton A-Line Midi Dress,Sangria,704,0.0,82.0,704.0,Midi,V-Neck,0,0,A-Line,"M, L, XL, XXL",4,No,Cotton,https://www.myntra.com/ethnic-dresses/sangria/sangria-women-floral-printed-pure-cotton-a-line-midi-dress/33440363/buy,Casual,Casual,Medium,4,Low,0
Women Maternity Floral Printed Ethnic Dress,Vaidiki,676,0.0,5.0,676.0,Maxi,Round Neck,0,0,0,"5XL, 6XL, 7XL, 8XL",4,No,Viscose Rayon,https://www.myntra.com/ethnic-dresses/vaidiki/vaidiki-women-maternity-floral-printed-ethnic-dress/34899914/buy,Traditional,Traditional,Medium,4,Low,3
Women Floral Thread Embroidered Ethnic Dress,Inddus,1596,0.0,61.0,1596.0,Maxi,V-Neck,0,0,0,"XS, S, M, L, XL",4,No,Net,https://www.myntra.com/ethnic-dresses/inddus/inddus-women-floral-thread-embroidered-ethnic-dress/40815094/buy,Party Wear,Traditional,High,5,Low,3
Women Floral Printed Round Neck Pure Cotton Maternity Fit & Flare Maxi Ethnic Dress,Henal,752,0.0,0.0,752.0,Maxi,Round Neck,Three-Quarter Sleeves,Regular Sleeves,0,"M, L, XL, XXL",4,No,Cotton,https://www.myntra.com/ethnic-dresses/henal/henal-women-floral-printed-round-neck-pure-cotton-maternity-fit--flare-maxi-ethnic-dress/37686735/buy,Traditional,Traditional,Medium,4,Low,3
Embroidered Floral Ethnic Dresses,Angoshobha,3652,0.0,0.0,3652.0,Knee Length,Shirt Collar,Short Sleeves,0,A-Line,M,4,No,Cotton,https://www.myntra.com/ethnic-dresses/angoshobha/angoshobha-embroidered-floral-ethnic-dresses/30487399/buy,Party Wear,Traditional,High,1,Low,3
Women Maternity Plus Size Floral Printed Flared Ethnic Dress,Vaidiki,676,0.0,9.0,676.0,Maxi,Round Neck,0,Regular Sleeves,Maxi,"5XL, 6XL, 7XL, 8XL",4,No,Viscose Rayon,https://www.myntra.com/ethnic-dresses/vaidiki/vaidiki-women-maternity-plus-size-floral-printed-flared-ethnic-dress/34899629/buy,Traditional,Traditional,Medium,4,Low,3
Anayna Floral Print Pure Cotton Tiered Midi Ethnic Dress,anayna,1271,0.0,1100.0,1271.0,Midi,0,0,0,0,"XS, S, M, L, XL, XXL, 3XL",3,No,Cotton,https://www.myntra.com/ethnic-dresses/anayna/anayna-floral-print-pure-cotton-tiered-midi-ethnic-dress/23158872/buy,Traditional,Traditional,High,7,Low,3
Women Floral Thread Embroidered Ethnic Dress,Inddus,1603,0.0,74.0,1603.0,Maxi,V-Neck,0,0,0,"XS, S, M, L, XL",4,No,Net,https://www.myntra.com/ethnic-dresses/inddus/inddus-women-floral-thread-embroidered-ethnic-dress/38334655/buy,Party Wear,Traditional,High,5,Low,3
Floral-Printed Empire Ethnic Dress,Sangria,757,0.0,1200.0,757.0,Midi,V-Neck,Three-Quarter Sleeves,Regular Sleeves,A-Line,S,3,No,Viscose Rayon,https://www.myntra.com/ethnic-dresses/sangria/sangria-floral-printed-empire-ethnic-dress/24804524/buy,Traditional,Traditional,Medium,1,Low,3
Floral Embroidered Maxi Ethnic Dress,Soch,1860,0.0,8.0,1860.0,Maxi,V-Neck,Three-Quarter Sleeves,Regular Sleeves,Maxi,XL,4,No,Viscose Rayon,https://www.myntra.com/ethnic-dresses/soch/soch-floral-embroidered-maxi-ethnic-dress/24989024/buy,Party Wear,Traditional,High,1,Low,3
Floral Printed Maxi Ethnic Dress,CHANSI,958,0.0,35.0,958.0,Maxi,Round Neck,Three-Quarter Sleeves,0,Maxi,"S, M, L, XL, XXL, 3XL, 4XL, 5XL",4,No,Georgette,https://www.myntra.com/ethnic-dresses/chansi/chansi-floral-printed-maxi-ethnic-dress/26088672/buy,Traditional,Traditional,Medium,8,Low,3
Off White & Yellow Floral Ethnic Midi Dress,Biba,1655,0.0,32.0,1655.0,Midi,Round Neck,Three-Quarter Sleeves,Regular Sleeves,0,"S, M, L, XL, 3XL",4,No,Viscose Rayon,https://www.myntra.com/ethnic-dresses/biba/biba-off-white--yellow-floral-ethnic-midi-dress/16585608/buy,Traditional,Traditional,High,5,Low,3
Floral Printed Tiered Ethnic Dress,Janasya,925,0.0,9.0,925.0,Midi,Round Neck,0,0,0,"XS, XXL",3,No,Georgette,https://www.myntra.com/ethnic-dresses/janasya/janasya-floral-printed-tiered-ethnic-dress/33476915/buy,Traditional,Traditional,Medium,2,Low,3
Red Floral Net Ethnic Maxi Dress,White World,4999,0.0,22.0,4999.0,Maxi,0,0,0,Maxi,"5-6Y, 7-8Y, 9-10Y, 11-12Y, 13-14Y",4,No,Net,https://www.myntra.com/ethnic-dresses/white+world/white-world-red-floral-net-ethnic-maxi-dress/19359720/buy,Traditional,Traditional,High,5,Low,3
Floral Printed Fit and Flare Midi Ethnic Dress With Dupatta,SkyaSia,577,0.0,391.0,577.0,Midi,V-Neck,Three-Quarter Sleeves,Regular Sleeves,0,"S, M, L, XL, XXL, 3XL",3,No,Viscose Rayon,https://www.myntra.com/ethnic-dresses/skyasia/skyasia-floral-printed-fit-and-flare-midi-ethnic-dress-with-dupatta/23581188/buy,Traditional,Traditional,Medium,6,Low,3
Floral Print Tie-up Neck Paneled Shirt Style Dress,Sangria,869,0.0,70.0,869.0,Knee Length,Tie-Up Neck,0,0,0,"XS, S, M, L, XL, XXL",3,No,Polyester,https://www.myntra.com/ethnic-dresses/sangria/sangria-floral-print--tie-up-neck-paneled-shirt-style-dress-/32330228/buy,Formal,Semi-Formal,Medium,6,Low,2
White Floral Ethnic Maxi Dress,KALINI,3599,0.0,563.0,3599.0,Maxi,Square Neck,Three-Quarter Sleeves,Regular Sleeves,Maxi,"S, M",4,No,Cotton,https://www.myntra.com/ethnic-dresses/kalini/kalini-white-floral-ethnic-maxi-dress/18374468/buy,Traditional,Traditional,High,2,Low,3
Women Pink Floral Embroidered Maxi Ethnic Dress,Vishudh,591,0.0,548.0,591.0,Maxi,Round Neck,Three-Quarter Sleeves,0,Maxi,S,3,No,Viscose Rayon,https://www.myntra.com/ethnic-dresses/vishudh/vishudh-women-pink-floral-embroidered-maxi-ethnic-dress/11524936/buy,Party Wear,Traditional,Medium,1,Low,3
Floral Printed Maxi Ethnic Dress,SAPTRANGI,18558,0.0,0.0,18558.0,Maxi,0,Short Sleeves,0,Maxi,M,4,No,Satin,https://www.myntra.com/ethnic-dresses/saptrangi/saptrangi-floral-printed-maxi-ethnic-dress/33625137/buy,Traditional,Traditional,High,1,Low,3
Cotton Floral Ethnic Midi Ethnic Dress,SUTI,1979,0.0,0.0,1979.0,Midi,Round Neck,Three-Quarter Sleeves,Regular Sleeves,0,"S, M, L",4,No,Cotton,https://www.myntra.com/ethnic-dresses/suti/suti-cotton-floral-ethnic-midi-ethnic-dress/21263754/buy,Traditional,Traditional,High,3,Low,3
Women Floral Printed Midi Ethnic Dresses,anayna,1670,0.0,1100.0,1670.0,Midi,0,0,0,0,"XS, S, M, L, XL, XXL, 3XL",3,No,Georgette,https://www.myntra.com/ethnic-dresses/anayna/anayna-women-floral-printed-midi-ethnic-dresses/31742090/buy,Traditional,Traditional,High,7,Low,3
Floral Print Mandarin Collar Gota Lace Yoke Flared Hem A-Line Maxi Dress,Globus,1475,0.0,69.0,1475.0,Maxi,Mandarin Collar,0,0,A-Line,"S, M, L, XL",4,No,Viscose Rayon,https://www.myntra.com/ethnic-dresses/globus/globus-floral-print-mandarin-collar-gota-lace-yoke-flared-hem-a-line-maxi-dress/35118763/buy,Seasonal Wear,Party Wear,High,4,Low,1
Women Floral Printed Ethnic Dress,Inddus,1498,0.0,0.0,1498.0,Maxi,Shoulder Straps,0,0,0,"XS, S, M, L, XL, XXL",4,No,"Polyester, Polyester",https://www.myntra.com/ethnic-dresses/inddus/inddus-women-floral-printed-ethnic-dress/40455498/buy,Traditional,Traditional,High,6,Low,3
Blue Floral Ethnic A-Line Cotton Midi Ethnic Dress,anayna,1298,0.0,2200.0,1298.0,Midi,Strapless,Three-Quarter Sleeves,0,A-Line,"XS, S, M, L, XL, XXL, 3XL",3,No,Cotton,https://www.myntra.com/ethnic-dresses/anayna/anayna-blue-floral-ethnic-a-line-cotton-midi-ethnic-dress/21334312/buy,Traditional,Traditional,High,7,Low,3
Floral Printed Round Neck Gathered Fit & Flare Cotton Maternity Ethnic Dress,MURLI KURTI,495,0.0,1400.0,495.0,Midi,Round Neck,Three-Quarter Sleeves,Regular Sleeves,0,"M, L, XL, XXL",3,No,Cotton,https://www.myntra.com/ethnic-dresses/murli+kurti/murli-kurti-floral-printed-round-neck-gathered-fit--flare-cotton-maternity-ethnic-dress/30742562/buy,Traditional,Traditional,Low,4,Low,3
Floral Printed Pure Cotton Maternity Ethnic Dresses,Tulsiram,549,0.0,155.0,549.0,Midi,Round Neck,Three-Quarter Sleeves,Regular Sleeves,A-Line,"M, L, XL, XXL",4,No,Cotton,https://www.myntra.com/ethnic-dresses/tulsiram/tulsiram-floral-printed-pure-cotton-maternity-ethnic-dresses/32396190/buy,Traditional,Traditional,Medium,4,Low,3
Floral Printed V-Neck A-Line Midi Ethnic Dress,Anni Designer,767,0.0,7.0,767.0,Midi,V-Neck,Three-Quarter Sleeves,Regular Sleeves,A-Line,"S, M, L, XL, XXL",4,No,Cotton,https://www.myntra.com/ethnic-dresses/anni+designer/anni-designer-floral-printed-v-neck-a-line-midi-ethnic-dress/29972588/buy,Traditional,Traditional,Medium,5,Low,3
Floral Printed Anarkali Ethnic Dress & Dupatta,VASTRAMAY,1349,0.0,0.0,1349.0,Maxi,Shoulder Straps,0,0,0,2-3Y,4,No,Cotton,https://www.myntra.com/ethnic-dresses/vastramay/vastramay-floral-printed-anarkali-ethnic-dress--dupatta/24099124/buy,Traditional,Traditional,High,1,Low,3
Floral Yoke Design Thread Work Anarkali Dresses,DMP FASHION,497,0.0,8.0,497.0,Midi,Round Neck,Three-Quarter Sleeves,Regular Sleeves,Maxi,"S, M, L, XL, XXL, 3XL",4,No,Viscose Rayon,https://www.myntra.com/ethnic-dresses/dmp+fashion/dmp-fashion-floral-yoke-design-thread-work-anarkali-dresses/33342638/buy,Seasonal Wear,Traditional,Low,6,Low,3
Floral Embroidered Thread Work Georgette Fit and Flare Ethnic Dress,KALINI,1359,0.0,486.0,1359.0,Maxi,Round Neck,Three-Quarter Sleeves,Regular Sleeves,0,"S, M, L, XL, XXL",3,No,Georgette,https://www.myntra.com/ethnic-dresses/kalini/kalini-floral-embroidered-thread-work-georgette-fit-and-flare-ethnic-dress/31209059/buy,Party Wear,Traditional,High,5,Low,3
Festive Floral Printed Ethnic Dress,Taavi,1273,0.0,22.0,1273.0,Midi,V-Neck,0,0,A-Line,"XS, S, M, L",3,No,"Cotton, Viscose Rayon",https://www.myntra.com/ethnic-dresses/taavi/taavi-festive-floral-printed-ethnic-dress/30093887/buy,Traditional,Traditional,High,4,Low,3
Women Plus Size Floral Printed Maxi Ethnic Dress,Souchii,2799,0.0,0.0,2799.0,Maxi,0,0,0,Maxi,"XXL, 3XL",4,No,Chiffon,https://www.myntra.com/ethnic-dresses/souchii/souchii-women-plus-size-floral-printed-maxi-ethnic-dress/30843664/buy,Traditional,Traditional,High,2,Low,3
Women Floral Printed Flared Midi Dress,anayna,1399,0.0,960.0,1399.0,Midi,0,0,0,0,"XS, S, M, L, XL, XXL, 3XL",4,No,Georgette,https://www.myntra.com/ethnic-dresses/anayna/anayna-women-floral-printed-flared-midi-dress/31742105/buy,Casual,Semi-Formal,High,7,Low,2
Floral Printed Ethnic Dress,Krunal Raiyani,798,0.0,0.0,798.0,Maxi,Round Neck,0,Regular Sleeves,0,"S, M, L, XL, XXL",4,No,Crepe,https://www.myntra.com/ethnic-dresses/krunal+raiyani/krunal-raiyani-floral-printed-ethnic-dress/40218698/buy,Traditional,Traditional,Medium,5,Low,3
Purple Floral Ethnic Maxi Dress,Ethnovog,2060,0.0,0.0,2060.0,Maxi,Round Neck,Three-Quarter Sleeves,Regular Sleeves,Maxi,XS,4,No,Nylon,https://www.myntra.com/ethnic-dresses/ethnovog/ethnovog-purple-floral-ethnic-maxi-dress/19791570/buy,Traditional,Traditional,High,1,Low,3
Floral Embroidered Maxi Ethnic Dress With Dupatta,SAPTRANGI,10957,0.0,0.0,10957.0,Maxi,0,Short Sleeves,0,Maxi,S,4,No,Satin,https://www.myntra.com/ethnic-dresses/saptrangi/saptrangi-floral-embroidered-maxi-ethnic-dress-with-dupatta/33625268/buy,Party Wear,Traditional,High,1,Low,3
Floral Printed Maxi Ethnic Dress,AKS Couture,1884,0.0,25.0,1884.0,Maxi,Shoulder Straps,0,0,Maxi,XXL,4,No,Cotton,https://www.myntra.com/ethnic-dresses/aks+couture/aks-couture-floral-printed-maxi-ethnic-dress/24487128/buy,Traditional,Traditional,High,1,Low,3
Dabu Floral Printed Cotton Linen Midi Shirt Ethnic Dresses,Taavi,1084,0.0,30.0,1084.0,Midi,Shirt Collar,0,Regular Sleeves,0,"XS, S, M, L, XL",4,No,Cotton,https://www.myntra.com/ethnic-dresses/taavi/taavi-dabu-floral-printed-cotton-linen-midi-shirt-ethnic-dresses/37948499/buy,Traditional,Traditional,High,5,Low,3
Floral Printed Floral Ethnic Dress,Stylum,599,0.0,12.0,599.0,Midi,Mandarin Collar,Three-Quarter Sleeves,Regular Sleeves,A-Line,"S, M, L, XL",4,No,Viscose Rayon,https://www.myntra.com/ethnic-dresses/stylum/stylum-floral-printed-floral-ethnic-dress/21645000/buy,Traditional,Traditional,Medium,4,Low,3
Floral Printed Tiered Ethnic Dress,Janasya,925,0.0,18.0,925.0,Midi,0,0,0,0,"XL, XXL, 3XL",4,No,Georgette,https://www.myntra.com/ethnic-dresses/janasya/janasya-floral-printed-tiered-ethnic-dress/33477042/buy,Traditional,Traditional,Medium,3,Low,3
Women Green & Maroon Floral Printed Tiered Fit and Flare Dress,Rain & Rainbow,1107,0.0,948.0,1107.0,Midi,V-Neck,0,0,0,"S, M, L, XL, XXL",3,No,Cotton,https://www.myntra.com/ethnic-dresses/rain+%26+rainbow/rain--rainbow-women-green--maroon-floral-printed-tiered-fit-and-flare-dress/11357104/buy,Casual,Casual,High,5,Low,0
Floral Printed Tiered Ethnic A-Line Dresses,Rain & Rainbow,930,0.0,6.0,930.0,Above Knee,Mandarin Collar,0,0,0,"XS, S, M, L",4,No,Cotton,https://www.myntra.com/ethnic-dresses/rain+%26+rainbow/rain--rainbow-floral-printed-tiered-ethnic-a-line-dresses/37335398/buy,Traditional,Traditional,Medium,4,Low,3
Floral Printed Fit & Flare Maternity Ethnic Dress,Tulsiram,549,0.0,37.0,549.0,Maxi,Round Neck,Three-Quarter Sleeves,Regular Sleeves,Maxi,"M, L, XL, XXL",4,No,Viscose Rayon,https://www.myntra.com/ethnic-dresses/tulsiram/tulsiram-floral-printed-fit--flare-maternity-ethnic-dress/34856827/buy,Traditional,Traditional,Medium,4,Low,3
Floral Printed Round Neck Fit & Flare Midi Maternity Ethnic Dress,Pristyle,482,0.0,84.0,482.0,Midi,Round Neck,0,0,0,"M, L, XL, XXL",4,No,Cotton,https://www.myntra.com/ethnic-dresses/pristyle/pristyle-floral-printed-round-neck-fit--flare-midi-maternity-ethnic-dress/32267189/buy,Traditional,Traditional,Low,4,Low,3
Floral Printed Ethnic Dress,Sangria,719,0.0,14.0,719.0,Midi,V-Neck,0,0,A-Line,"XS, S, M, L, XL, XXL",4,No,Polyester,https://www.myntra.com/ethnic-dresses/sangria/sangria-floral-printed-ethnic-dress/31624983/buy,Traditional,Traditional,Medium,6,Low,3
Women Floral Printed Ethnic Dress,Bachuu,426,0.0,35.0,426.0,Maxi,Round Neck,0,Regular Sleeves,A-Line,"S, M",4,No,Viscose Rayon,https://www.myntra.com/ethnic-dresses/bachuu/bachuu-women-floral-printed-ethnic-dress/21503512/buy,Traditional,Traditional,Low,2,Low,3
Floral Printed Ruffles Fit & Flare Maxi Ethnic Dress,KALINI,1300,0.0,17.0,1300.0,Maxi,V-Neck,0,Regular Sleeves,Maxi,"XS, S, M, L, XL, XXL, 3XL, 4XL, 5XL, 6XL, 7XL",4,No,Viscose Rayon,https://www.myntra.com/ethnic-dresses/kalini/kalini-floral-printed-ruffles-fit--flare-maxi-ethnic-dress/25941226/buy,Traditional,Traditional,High,11,Low,3
Pure Cotton Floral Printed V-Neck Tie-Ups Mirror Work A-Line Sanganeri Ethnic Dress,Taavi,1536,0.0,26.0,1536.0,Midi,V-Neck,Three-Quarter Sleeves,Regular Sleeves,A-Line,"XS, S, M, L, XL",3,Yes,Cotton,https://www.myntra.com/ethnic-dresses/taavi/taavi-pure-cotton-floral-printed-v-neck-tie-ups-mirror-work-a-line-sanganeri-ethnic-dress/36500138/buy,Traditional,Traditional,High,5,Low,3
Floral Embroidered Maxi Pure Cotton Ethnic Dress,Divena,1399,0.0,50.0,1399.0,Maxi,Round Neck,Three-Quarter Sleeves,Regular Sleeves,Maxi,"XS
Rs. 1399, S
Rs. 1399, M
Rs. 1399, L
Rs. 1399, XL
Rs. 1399, XXL
Rs. 1399, 3XL
Rs. 1528, 5XL
Rs. 1528, 6XL
Rs. 1528",4,No,Cotton,https://www.myntra.com/ethnic-dresses/divena/divena-floral-embroidered-maxi-pure-cotton-ethnic-dress/24825720/buy,Party Wear,Traditional,High,9,Low,3
Yellow & Pink Floral Embroidered Ethnic Maxi Dress,Ethnovog,6339,0.0,0.0,6339.0,Maxi,Round Neck,0,0,Maxi,"XS, S, XXL",4,No,Poly Silk,https://www.myntra.com/ethnic-dresses/ethnovog/ethnovog-yellow--pink-floral-embroidered-ethnic-maxi-dress/21232980/buy,Party Wear,Traditional,High,3,Low,3
Maroon & Black Floral Ethnic Maxi Dress,Vishudh,395,0.0,710.0,395.0,Maxi,V-Neck,Three-Quarter Sleeves,Regular Sleeves,Maxi,S,3,No,Viscose Rayon,https://www.myntra.com/ethnic-dresses/vishudh/vishudh-maroon--black-floral-ethnic-maxi-dress/15637670/buy,Traditional,Traditional,Low,1,Low,3
Women Floral Embroidered Ethnic Dress,Sangria,1460,0.0,0.0,1460.0,Maxi,Round Neck,0,Regular Sleeves,Maxi,"S, M, L, XL, XXL",4,No,"Silk, Polyester",https://www.myntra.com/ethnic-dresses/sangria/sangria-women-floral-embroidered-ethnic-dress/36880465/buy,Party Wear,Traditional,High,5,Low,3
Floral Printed Maternity Ethnic Dress,True Shape,684,0.0,264.0,684.0,Midi,Round Neck,Three-Quarter Sleeves,Regular Sleeves,0,"M, L, XL, XXL, 3XL",4,No,Cotton,https://www.myntra.com/ethnic-dresses/true+shape/true-shape-floral-printed-maternity-ethnic-dress/23972976/buy,Traditional,Traditional,Medium,5,Low,3
Floral Printed Cotton Anarkali Maternity Dress,MURLI KURTI,495,0.0,2100.0,495.0,Maxi,Round Neck,Three-Quarter Sleeves,Regular Sleeves,0,"M, L, XL, XXL",4,No,Cotton,https://www.myntra.com/ethnic-dresses/murli+kurti/murli-kurti-floral-printed-cotton-anarkali-maternity-dress/30742492/buy,Casual,Traditional,Low,4,Low,3
Women Floral Printed V-Neck Empire Ethnic Dress,CTMTEX,490,0.0,367.0,490.0,Maxi,V-Neck,0,0,0,"S, M, L, XL, XXL, 3XL",4,No,Cotton,https://www.myntra.com/ethnic-dresses/ctmtex/ctmtex-women-floral-printed-v-neck-empire-ethnic-dress/32183561/buy,Traditional,Traditional,Low,6,Low,3
Plus Size Floral Print Crepe Layered A-line Maxi Ethnic Dress,A PLUS BY AHALYAA,1674,0.0,804.0,1674.0,Maxi,V-Neck,Three-Quarter Sleeves,Regular Sleeves,A-Line,"3XL, 4XL, 5XL, 6XL, 7XL",3,No,Crepe,https://www.myntra.com/ethnic-dresses/a+plus+by+ahalyaa/a-plus-by-ahalyaa-plus-size-floral-print-crepe-layered-a-line-maxi-ethnic-dress/23853060/buy,Traditional,Traditional,High,5,Low,3
Green & Pink Cotton Floral Ethnic Dress,GULAB CHAND TRENDS,734,0.0,367.0,734.0,Midi,V-Neck,0,Regular Sleeves,0,XXL,3,No,Cotton,https://www.myntra.com/ethnic-dresses/gulab+chand+trends/gulab-chand-trends-green--pink-cotton-floral-ethnic-dress/20860938/buy,Traditional,Traditional,Medium,1,Low,3
Floral Printed Tiered Fit & Flare Ethnic Dresses,KASYA,894,0.0,209.0,894.0,Midi,Shoulder Straps,0,0,0,"XS, S, M, L, XL, XXL",3,No,Viscose Rayon,https://www.myntra.com/ethnic-dresses/kasya/kasya-floral-printed-tiered-fit--flare-ethnic-dresses/29407270/buy,Traditional,Traditional,Medium,6,Low,3
White Floral Embroidered Ethnic Dress,KALINI,3599,0.0,24.0,3599.0,Knee Length,Round Neck,Three-Quarter Sleeves,Regular Sleeves,0,"S, XL, XXL",4,No,Cotton,https://www.myntra.com/ethnic-dresses/kalini/kalini-white-floral-embroidered-ethnic-dress/19041586/buy,Party Wear,Traditional,High,3,Low,3
Women Floral Zari and Sequinned Embroidered Fit and Flare Dress,Sangria,1751,0.0,206.0,1751.0,Maxi,V-Neck,0,0,Maxi,"XS, M, XL, XXL",3,No,Georgette,https://www.myntra.com/ethnic-dresses/sangria/sangria-women-floral-zari-and-sequinned-embroidered-fit-and-flare-dress/26862720/buy,Party Wear,Traditional,High,4,Low,3
Floral Printed Maxi Ethnic Dress,Biba,1039,0.0,62.0,1039.0,Maxi,Round Neck,0,Regular Sleeves,Maxi,"S, M, L, XL, XXL",4,Yes,Polyester,https://www.myntra.com/ethnic-dresses/biba/biba-floral-printed-maxi-ethnic-dress/25073006/buy,Traditional,Traditional,High,5,Low,3
Floral Printed Cotton Anarkali Maternity Dress,MURLI KURTI,495,0.0,1400.0,495.0,Maxi,Round Neck,Three-Quarter Sleeves,Regular Sleeves,0,"M, L, XL, XXL",3,No,Cotton,https://www.myntra.com/ethnic-dresses/murli+kurti/murli-kurti-floral-printed-cotton-anarkali-maternity-dress/30742681/buy,Casual,Traditional,Low,4,Low,3
Floral Ethnic A-Line Maxi Ethnic Dress,Gerua By Libas,439,0.0,226.0,439.0,Maxi,Round Neck,Three-Quarter Sleeves,Regular Sleeves,A-Line,XS,3,No,Silk,https://www.myntra.com/ethnic-dresses/gerua+by+libas/gerua-by-libas-floral-ethnic-a-line-maxi-ethnic-dress/21325200/buy,Party Wear,Traditional,Low,1,Low,3
FOXDX Women Floral Embroidered Anarkali Ethnic Dress,FoxDX,891,0.0,287.0,891.0,Maxi,Sweetheart Neck,0,0,Maxi,M,4,No,Georgette,https://www.myntra.com/ethnic-dresses/foxdx/foxdx-women-floral-embroidered-anarkali-ethnic-dress/38451535/buy,Party Wear,Traditional,Medium,1,Low,3
Floral Embroidered A-Line Maxi Ethnic Dresses,Inddus,1606,0.0,194.0,1606.0,Maxi,Round Neck,Short Sleeves,0,A-Line,"XS, S, M, L, XL, XXL",3,No,Net,https://www.myntra.com/ethnic-dresses/inddus/inddus-floral-embroidered--a-line-maxi-ethnic-dresses/30659051/buy,Party Wear,Traditional,High,6,Low,3
Floral Printed Pure Cotton Fit & Flare Midi Dress,Rain & Rainbow,1147,0.0,279.0,1147.0,Midi,Mandarin Collar,Three-Quarter Sleeves,Regular Sleeves,0,"S, M, L, XL, XXL",3,No,Cotton,https://www.myntra.com/ethnic-dresses/rain+%26+rainbow/rain--rainbow-floral-printed-pure-cotton-fit--flare-midi-dress/29918666/buy,Casual,Casual,High,5,Low,0
Floral Printed A-Line Maxi Ethnic Dress With Belt,anayna,1497,0.0,3700.0,1497.0,Maxi,V-Neck,Three-Quarter Sleeves,Regular Sleeves,A-Line,"XS, S, M, L, XL, XXL, 3XL",3,No,Cotton,https://www.myntra.com/ethnic-dresses/anayna/anayna-floral-printed-a-line-maxi-ethnic-dress-with-belt/30745318/buy,Traditional,Traditional,High,7,Low,3
Women Floral Printed Empire Ethnic Dress,Ahalyaa,1214,0.0,769.0,1214.0,Midi,V-Neck,0,0,0,"XS, S, M, L, XL, XXL",3,No,Crepe,https://www.myntra.com/ethnic-dresses/ahalyaa/ahalyaa-women-floral-printed-empire-ethnic-dress/23814298/buy,Traditional,Traditional,High,6,Low,3
Maroon Gold Floral Maxi Ethnic Dress Cut-Out with Tassels,Ethnovog,2513,0.0,0.0,2513.0,Maxi,Boat Neck,Three-Quarter Sleeves,0,Maxi,"XS, M, XL, 3XL",4,No,Viscose Rayon,https://www.myntra.com/ethnic-dresses/ethnovog/ethnovog-maroon--gold-floral-maxi-ethnic-dress-cut-out-with-tassels/19791600/buy,Traditional,Traditional,High,4,Low,3
Floral Printed Round Neck Zipless Maternity Ethnic Dresses,RITIJYA,681,0.0,19.0,681.0,Midi,Round Neck,Three-Quarter Sleeves,Regular Sleeves,Maxi,"S, M, L, XL, XXL, 3XL, 4XL",4,No,"Viscose Rayon, Viscose Rayon, Viscose Rayon",https://www.myntra.com/ethnic-dresses/ritijya/ritijya-floral-printed-round-neck-zipless-maternity-ethnic-dresses/32572538/buy,Traditional,Traditional,Medium,7,Low,3
Floral Printed Puff Sleeves Knee Length Fit & Flare Dress,PINK VYBE,499,0.0,0.0,499.0,Three-Quarter Sleeves,0,Three-Quarter Sleeves,0,0,"S, M, L, XL, XXL",4,No,"blue and white dress
floral printed
fit & flare shaped
mandarin collar
three-quarter, puff sleeves
gathered or pleated detail
knee length length in flared hem
button closure",https://www.myntra.com/ethnic-dresses/pink+vybe/pink-vybe-floral-printed-puff-sleeves-knee-length-fit--flare-dress/37636192/buy,Casual,Semi-Formal,Low,5,Low,2
Floral Embroidered Maxi Ethnic Dress With Dupatta,SAPTRANGI,18558,0.0,0.0,18558.0,Maxi,0,Short Sleeves,0,Maxi,S,4,No,Satin,https://www.myntra.com/ethnic-dresses/saptrangi/saptrangi-floral-embroidered-maxi-ethnic-dress-with-dupatta-/33625139/buy,Party Wear,Traditional,High,1,Low,3
Women Fuchsia Floral Embroidered Ethnic Dress,Sangria,1404,0.0,0.0,1404.0,Maxi,Round Neck,Three-Quarter Sleeves,0,0,"S, M, L, XL, XXL",4,No,"Silk, Polyester",https://www.myntra.com/ethnic-dresses/sangria/sangria-women-fuchsia-floral-embroidered-ethnic-dress/36880460/buy,Party Wear,Traditional,High,5,Low,3
Floral Printed Ethnic Dress,Krunal Raiyani,798,0.0,0.0,798.0,Maxi,Round Neck,0,Regular Sleeves,0,"S, M, L, XL, XXL",4,No,Crepe,https://www.myntra.com/ethnic-dresses/krunal+raiyani/krunal-raiyani-floral-printed-ethnic-dress/40218695/buy,Traditional,Traditional,Medium,5,Low,3
Pink & light gray Floral Ethnic Midi Dress,RANGMANCH BY PANTALOONS,2469,0.0,0.0,2469.0,Midi,Round Neck,0,Regular Sleeves,0,M,4,No,Poly Silk,https://www.myntra.com/ethnic-dresses/rangmanch+by+pantaloons/rangmanch-by-pantaloons-pink--light-gray-floral-ethnic-midi-dress/18807184/buy,Party Wear,Traditional,High,1,Low,3
Batik Floral Dyed Mandarin Collar Gathered Pure Cotton A-Line Ethnic Dresses,Taavi,1139,0.0,0.0,1139.0,Above Knee,Mandarin Collar,0,0,A-Line,"XS, S, M, L, XL",4,No,Cotton,https://www.myntra.com/ethnic-dresses/taavi/taavi-batik-floral-dyed-mandarin-collar-gathered-pure-cotton-a-line-ethnic-dresses/37948506/buy,Traditional,Traditional,High,5,Low,3
Women Floral Printed V-Neck Empire Ethnic Dress,CTMTEX,490,0.0,364.0,490.0,Maxi,V-Neck,0,0,0,"S, M, L, XL, XXL, 3XL",4,No,Cotton,https://www.myntra.com/ethnic-dresses/ctmtex/ctmtex-women-floral-printed-v-neck-empire-ethnic-dress/32183558/buy,Traditional,Traditional,Low,6,Low,3
Floral Embroidered Maxi Ethnic Dress With Dupatta,SAPTRANGI,18558,0.0,0.0,18558.0,Maxi,0,Short Sleeves,0,Maxi,S,4,No,Satin,https://www.myntra.com/ethnic-dresses/saptrangi/saptrangi-floral-embroidered-maxi-ethnic-dress-with-dupatta-/33625154/buy,Party Wear,Traditional,High,1,Low,3
Floral Embroidered Maxi Ethnic Dress With Dupatta,SAPTRANGI,18558,0.0,0.0,18558.0,Maxi,0,Short Sleeves,0,Maxi,S,4,No,Satin,https://www.myntra.com/ethnic-dresses/saptrangi/saptrangi-floral-embroidered-maxi-ethnic-dress-with-dupatta-/33625150/buy,Party Wear,Traditional,High,1,Low,3
Floral Printed Gathered or Pleated Cotton A-Line Ethnic Dress,MURLI KURTI,497,0.0,1400.0,497.0,Midi,Round Neck,Three-Quarter Sleeves,Regular Sleeves,A-Line,"M, L, XL, XXL",3,No,Cotton,https://www.myntra.com/ethnic-dresses/murli+kurti/murli-kurti-floral-printed-gathered-or-pleated-cotton-a-line-ethnic-dress/30742519/buy,Traditional,Traditional,Low,4,Low,3
Floral Printed A-Line Angrakha Cotton Ethnic Dress,Sangria,792,0.0,8.0,792.0,Knee Length,V-Neck,0,Regular Sleeves,A-Line,"S, M, L, XL, XXL",4,No,Cotton,https://www.myntra.com/ethnic-dresses/sangria/sangria-floral-printed-a-line-angrakha-cotton-ethnic-dress/28159260/buy,Traditional,Traditional,Medium,5,Low,3
Women Green & Maroon Sequinned Floral Printed Ethnic Maxi Dress,W,2560,0.0,114.0,2560.0,Maxi,Round Neck,Three-Quarter Sleeves,Regular Sleeves,Maxi,"XS, S",4,No,"Viscose Rayon, Polyester",https://www.myntra.com/ethnic-dresses/w/w-women-green--maroon-sequinned-floral-printed-ethnic-maxi-dress/19642552/buy,Traditional,Traditional,High,2,Low,3
Floral-Printed Knitted Midi Ethnic Dresses,Rain & Rainbow,1350,0.0,64.0,1350.0,Midi,Shoulder Straps,0,Regular Sleeves,0,"S, M, L, XL",4,No,Viscose Rayon,https://www.myntra.com/ethnic-dresses/rain+%26+rainbow/rain--rainbow-floral-printed-knitted-midi-ethnic-dresses/35905991/buy,Traditional,Traditional,High,4,Low,3
Floral Printed Ethnic Dress,Krunal Raiyani,798,0.0,0.0,798.0,Maxi,Round Neck,0,Regular Sleeves,0,"S, M, L, XL, XXL",4,No,Crepe,https://www.myntra.com/ethnic-dresses/krunal+raiyani/krunal-raiyani-floral-printed-ethnic-dress/40218696/buy,Traditional,Traditional,Medium,5,Low,3
Floral Print Cotton A-Line Ethnic Dress,Sangria,699,0.0,112.0,699.0,Above Knee,Round Neck,0,Regular Sleeves,0,"XS, S, M, L, XL, XXL",3,Yes,Cotton,https://www.myntra.com/ethnic-dresses/sangria/sangria-floral-print-cotton-a-line-ethnic-dress/32076375/buy,Traditional,Traditional,Medium,6,Low,3
Floral Printed Tiered Ethnic Dress,Janasya,875,0.0,34.0,875.0,Midi,Sweetheart Neck,Three-Quarter Sleeves,Regular Sleeves,0,"XS, S, M, L, XL, XXL",4,No,Georgette,https://www.myntra.com/ethnic-dresses/janasya/janasya-floral-printed-tiered-ethnic-dress/33476906/buy,Traditional,Traditional,Medium,6,Low,3
Floral Embroidered Georgette A Line Dress,KALINI,1359,0.0,55.0,1359.0,Maxi,Round Neck,Three-Quarter Sleeves,Regular Sleeves,A-Line,"S
Rs. 1352, M
Rs. 1359, L
Rs. 1359, XL
Rs. 1359, XXL
Rs. 1359",3,No,Georgette,https://www.myntra.com/ethnic-dresses/kalini/kalini-floral-embroidered-georgette-a-line-dress/31240681/buy,Party Wear,Traditional,High,5,Low,3
Floral Printed Maternity A-Line Midi Ethnic Dress,MURLI KURTI,497,0.0,2100.0,497.0,Midi,Round Neck,Three-Quarter Sleeves,Regular Sleeves,A-Line,"M, L, XL, XXL",4,No,Viscose Rayon,https://www.myntra.com/ethnic-dresses/murli+kurti/murli-kurti-floral-printed-maternity-a-line-midi-ethnic-dress/30742507/buy,Traditional,Traditional,Low,4,Low,3
Floral Printed Fit & Flared Maxi Dress,Chandbaali,1356,0.0,29.0,1356.0,Maxi,Round Neck,0,0,Maxi,"S, M, L, XL, XXL",4,No,Viscose Rayon,https://www.myntra.com/ethnic-dresses/chandbaali/chandbaali-floral-printed-fit--flared-maxi-dress/33063332/buy,Casual,Party Wear,High,5,Low,1
Floral Printed Maternity Ethnic Dress,True Shape,684,0.0,267.0,684.0,Midi,Round Neck,Three-Quarter Sleeves,Regular Sleeves,0,"M, L, XL, XXL, 3XL",4,No,Cotton,https://www.myntra.com/ethnic-dresses/true+shape/true-shape-floral-printed-maternity-ethnic-dress/23972954/buy,Traditional,Traditional,Medium,5,Low,3
Women Floral Printed Ethnic Dress,KALINI,869,0.0,6.0,869.0,Midi,Round Neck,Three-Quarter Sleeves,0,0,"S, M, L, XL, XXL, 3XL, 4XL, 5XL",4,No,Cotton,https://www.myntra.com/ethnic-dresses/kalini/kalini-women-floral-printed-ethnic-dress/36903625/buy,Traditional,Traditional,Medium,8,Low,3
Grey & Blue Floral Ethnic Maxi Dress,KALINI,3599,0.0,45.0,3599.0,Maxi,Round Neck,0,Regular Sleeves,Maxi,M,4,No,Viscose Rayon,https://www.myntra.com/ethnic-dresses/kalini/kalini-grey--blue-floral-ethnic-maxi-dress/19041562/buy,Traditional,Traditional,High,1,Low,3
Floral Embroidered Round Neck Gathered Georgette Fit & Flare Maxi Ethnic Dress,KALINI,1359,0.0,521.0,1359.0,Maxi,Round Neck,0,Regular Sleeves,Maxi,"S, M, L, XL, XXL",3,No,Georgette,https://www.myntra.com/ethnic-dresses/kalini/kalini-floral-embroidered-round-neck-gathered-georgette-fit--flare-maxi-ethnic-dress/31209169/buy,Party Wear,Traditional,High,5,Low,3
Floral Printed Ruffles Fit & Flare Maxi Dress,anayna,1503,0.0,432.0,1503.0,Maxi,0,0,0,Maxi,"XS, S, M, L, XL, XXL, 3XL",3,No,Cotton,https://www.myntra.com/ethnic-dresses/anayna/anayna-floral-printed-ruffles-fit--flare-maxi-dress/22306142/buy,Casual,Party Wear,High,7,Low,1
Magenta Floral Ethnic Maxi Dress,WISHFUL,4440,0.0,17.0,4440.0,Maxi,Tie-Up Neck,Three-Quarter Sleeves,Regular Sleeves,Maxi,"XS, S, M, L",4,No,Georgette,https://www.myntra.com/ethnic-dresses/wishful/wishful-magenta-floral-ethnic-maxi-dress/20628050/buy,Traditional,Traditional,High,4,Low,3
Women Floral Embroidered Ethnic Dress,Sangria,1359,0.0,126.0,1359.0,Maxi,Round Neck,0,Regular Sleeves,Maxi,"S, M, L, XL, XXL",3,No,"Polyester, Silk",https://www.myntra.com/ethnic-dresses/sangria/sangria-women-floral-embroidered-ethnic-dress/36880462/buy,Party Wear,Traditional,High,5,Low,3
Floral Printed Round Neck Cotton Maternity Maxi Ethnic Dresses,MURLI KURTI,536,0.0,118.0,536.0,Maxi,Round Neck,0,0,Maxi,"M, L, XL, XXL",4,No,Cotton,https://www.myntra.com/ethnic-dresses/murli+kurti/murli-kurti-floral-printed-round-neck-cotton-maternity-maxi-ethnic-dresses/30748844/buy,Traditional,Traditional,Medium,4,Low,3
Girls Floral & Sequinned Embroidered Ethnic Dress,Inddus,1879,0.0,24.0,1879.0,Maxi,V-Neck,0,0,A-Line,10Y,4,No,Georgette,https://www.myntra.com/ethnic-dresses/inddus/inddus-girls-floral--sequinned-embroidered-ethnic-dress/34362648/buy,Party Wear,Traditional,High,1,Low,3
Floral Printed Round Neck Cotton Fit and Flare Maternity Ethnic Dress,MURLI KURTI,495,0.0,500.0,495.0,Maxi,Round Neck,Three-Quarter Sleeves,Regular Sleeves,0,"M, L, XL, XXL",4,No,Cotton,https://www.myntra.com/ethnic-dresses/murli+kurti/murli-kurti-floral-printed-round-neck-cotton-fit-and-flare-maternity-ethnic-dress/30742610/buy,Traditional,Traditional,Low,4,Low,3
Mustard Yellow & Red Floral Layered Ethnic Maxi Dress,HELLO DESIGN,625,0.0,69.0,625.0,Maxi,0,Three-Quarter Sleeves,Regular Sleeves,Maxi,"S, M, L, XL",4,No,Cotton,https://www.myntra.com/ethnic-dresses/hello+design/hello-design-mustard-yellow--red-floral-layered-ethnic-maxi-dress/17564482/buy,Traditional,Traditional,Medium,4,Low,3
Beige Floral Print Maxi Ethnic Dress,W,2449,0.0,94.0,2449.0,Maxi,Round Neck,Three-Quarter Sleeves,Regular Sleeves,Maxi,"XS
Rs. 2449, S
Rs. 2449, M
Rs. 2449, XXL
Rs. 2600",3,No,Viscose Rayon,https://www.myntra.com/ethnic-dresses/w/w-beige-floral-print-maxi-ethnic-dress/22627496/buy,Traditional,Traditional,High,4,Low,3
Women Floral Printed Pure Cotton Maternity Ethnic Dresses,Tulsiram,549,0.0,177.0,549.0,Maxi,Round Neck,Three-Quarter Sleeves,Regular Sleeves,A-Line,"M, L, XL, XXL",4,No,Cotton,https://www.myntra.com/ethnic-dresses/tulsiram/tulsiram-women-floral-printed-pure-cotton-maternity-ethnic-dresses/32396176/buy,Traditional,Traditional,Medium,4,Low,3
Navy Blue & White Floral Ethnic Maxi Dress,Sangria X fwd,365,0.0,54.0,365.0,Maxi,Round Neck,0,0,0,"XS, S",3,No,Viscose Rayon,https://www.myntra.com/ethnic-dresses/sangria+x+fwd/sangria-x-fwd--navy-blue--white-floral-ethnic-maxi-dress/19033174/buy,Traditional,Traditional,Low,2,Low,3
Floral Printed Tiered Ethnic Dress,Janasya,875,0.0,5.0,875.0,Midi,Square Neck,Three-Quarter Sleeves,Regular Sleeves,0,XS,3,Yes,Georgette,https://www.myntra.com/ethnic-dresses/janasya/janasya-floral-printed-tiered-ethnic-dress/33476932/buy,Traditional,Traditional,Medium,1,Low,3
Floral Printed Maxi Ethnic Dress,MADHURAM,994,0.0,89.0,994.0,Maxi,Round Neck,0,Regular Sleeves,Maxi,"S, M",3,No,Viscose Rayon,https://www.myntra.com/ethnic-dresses/madhuram/madhuram-floral-printed-maxi-ethnic-dress/28778032/buy,Traditional,Traditional,Medium,2,Low,3
Women Floral Printed Anarkali Ethnic Dress,NANERA,434,0.0,7.0,434.0,Midi,Round Neck,Three-Quarter Sleeves,Regular Sleeves,0,"S, M, L, XL, XXL, 3XL, 4XL",4,No,Viscose Rayon,https://www.myntra.com/ethnic-dresses/nanera/nanera-women-floral-printed-anarkali-ethnic-dress/36649660/buy,Traditional,Traditional,Low,7,Low,3
Floral Printed Round Neck Cotton Fit & Flare Maternity Midi Dress,MURLI KURTI,499,0.0,2100.0,499.0,Maxi,Round Neck,Three-Quarter Sleeves,Regular Sleeves,0,"M, L, XL, XXL",4,No,Cotton,https://www.myntra.com/ethnic-dresses/murli+kurti/murli-kurti-floral-printed-round-neck-cotton-fit--flare-maternity-midi-dress/30742607/buy,Casual,Casual,Low,4,Low,0
Floral Printed Maternity Fit & Flare Pure Cotton Midi Ethnic Dress,MURLI KURTI,498,0.0,11.0,498.0,Midi,Round Neck,Three-Quarter Sleeves,Regular Sleeves,0,"M, L, XL, XXL, 3XL",4,No,Cotton,https://www.myntra.com/ethnic-dresses/murli+kurti/murli-kurti-floral-printed-maternity-fit--flare-pure-cotton-midi-ethnic-dress/37354598/buy,Traditional,Traditional,Low,5,Low,3
Floral Printed A-Line Dress,Sangria,836,0.0,0.0,836.0,Knee Length,Shirt Collar,Short Sleeves,0,A-Line,"XS, S, M, L, XL, XXL",4,No,Viscose Rayon,https://www.myntra.com/ethnic-dresses/sangria/sangria-floral-printed-a-line-dress/39981958/buy,Casual,Semi-Formal,Medium,6,Low,2
Floral Embroidered Georgette Maxi Fit and Flare Ethnic Dress,KALINI,1359,0.0,517.0,1359.0,Maxi,Round Neck,0,Regular Sleeves,Maxi,"S, M, L, XL, XXL",4,No,Georgette,https://www.myntra.com/ethnic-dresses/kalini/kalini-floral-embroidered-georgette-maxi-fit-and-flare-ethnic-dress/31209154/buy,Party Wear,Traditional,High,5,Low,3
Kalamkari Indie Floral Printed Pure Cotton A-line Ethnic Dress with Jacket,Taavi,1589,0.0,0.0,1589.0,Knee Length,Square Neck,0,0,A-Line,"XS, S, M, L, XL, XXL",4,Yes,Cotton,https://www.myntra.com/ethnic-dresses/taavi/taavi-kalamkari-indie-floral-printed-pure-cotton-a-line-ethnic-dress-with-jacket/36500013/buy,Traditional,Traditional,High,6,Low,3
Floral Printed Gathered or Pleated Cotton A-Line Ethnic Dress,MURLI KURTI,495,0.0,60.0,495.0,Midi,Round Neck,Three-Quarter Sleeves,Regular Sleeves,A-Line,"M, L, XL, XXL",4,No,Cotton,https://www.myntra.com/ethnic-dresses/murli+kurti/murli-kurti-floral-printed-gathered-or-pleated-cotton-a-line-ethnic-dress/30742466/buy,Traditional,Traditional,Low,4,Low,3
Pink Floral Ethnic Maxi Dress,Ethnovog,3559,0.0,6.0,3559.0,Maxi,Boat Neck,0,Regular Sleeves,Maxi,S,4,No,Cotton,https://www.myntra.com/ethnic-dresses/ethnovog/ethnovog-pink-floral-ethnic-maxi-dress/14976092/buy,Traditional,Traditional,High,1,Low,3
Women Floral Printed Maxi Dress,anayna,894,0.0,41300.0,894.0,Maxi,Round Neck,0,0,Maxi,"XS, S, M, L, XL, XXL, 3XL",3,No,Cotton,https://www.myntra.com/ethnic-dresses/anayna/anayna-women-floral-printed-maxi-dress/26972212/buy,Casual,Party Wear,Medium,7,Low,1
Floral Printed Bagru Ethnic Dress,Taavi,1518,0.0,34.0,1518.0,Midi,0,Three-Quarter Sleeves,0,0,"XS, S, M, XL",3,Yes,Cotton,https://www.myntra.com/ethnic-dresses/taavi/taavi-floral-printed-bagru-ethnic-dress/36499995/buy,Traditional,Traditional,High,4,Low,3
Women Floral Embroidered Sequined Thread Cording Maxi Gown Ethnic Dress,Sangria,1600,0.0,352.0,1600.0,Maxi,Round Neck,Three-Quarter Sleeves,Regular Sleeves,0,"S, L, XL, XXL, 3XL",4,No,Silk,https://www.myntra.com/ethnic-dresses/sangria/sangria-women-floral-embroidered-sequined-thread-cording-maxi-gown-ethnic-dress/37716005/buy,Party Wear,Traditional,High,5,Low,3
Women Maternity Plus Size Floral Printed Flared Cotton Ethnic Dress,Vaidiki,580,0.0,29.0,580.0,Maxi,Round Neck,0,Regular Sleeves,Maxi,"5XL, 6XL, 7XL, 8XL",4,No,Cotton,https://www.myntra.com/ethnic-dresses/vaidiki/vaidiki-women-maternity-plus-size-floral-printed-flared-cotton-ethnic-dress/34431759/buy,Traditional,Traditional,Medium,4,Low,3
Floral Printed Round Neck Fit and Flare Cotton Ethnic Dresses,MURLI KURTI,499,0.0,1400.0,499.0,Maxi,Round Neck,Three-Quarter Sleeves,Regular Sleeves,0,"M, L, XL, XXL",3,No,Cotton,https://www.myntra.com/ethnic-dresses/murli+kurti/murli-kurti-floral-printed-round-neck-fit-and-flare-cotton-ethnic-dresses/30742823/buy,Traditional,Traditional,Low,4,Low,3
Floral Printed Round Neck Cotton Fit and Flare Maternity Ethnic Dress,MURLI KURTI,497,0.0,2100.0,497.0,Maxi,Round Neck,Three-Quarter Sleeves,Regular Sleeves,0,"M, L, XL, XXL",3,No,Cotton,https://www.myntra.com/ethnic-dresses/murli+kurti/murli-kurti-floral-printed-round-neck-cotton-fit-and-flare-maternity-ethnic-dress/30742567/buy,Traditional,Traditional,Low,4,Low,3
Floral Printed Fit & Flare Midi Ethnic Dresses,Shae by SASSAFRAS,1471,0.0,1100.0,1471.0,Midi,V-Neck,Three-Quarter Sleeves,Regular Sleeves,0,"XS, S, L, XL",3,No,Poly Silk,https://www.myntra.com/ethnic-dresses/shae+by+sassafras/shae-by-sassafras-floral-printed-fit--flare-midi-ethnic-dresses/25052808/buy,Party Wear,Traditional,High,4,Low,3
Floral Printed Cotton A-Line Ethnic Dress,GULMOHAR JAIPUR,928,0.0,243.0,928.0,Midi,Round Neck,0,Regular Sleeves,A-Line,"S, M, L, XL, XXL",4,No,Cotton,https://www.myntra.com/ethnic-dresses/gulmohar+jaipur/gulmohar-jaipur-floral-printed-cotton-a-line-ethnic-dress/28162616/buy,Traditional,Traditional,Medium,5,Low,3
Women Floral Thread Embroidered Ethnic Dress,Inddus,1596,0.0,73.0,1596.0,Maxi,V-Neck,0,0,0,XS,4,No,Net,https://www.myntra.com/ethnic-dresses/inddus/inddus-women-floral-thread-embroidered-ethnic-dress/40815096/buy,Party Wear,Traditional,High,1,Low,3
Purple & Gold-Toned Floral Jacquard Self-Belt Maxi Dress,Shae by SASSAFRAS,1224,0.0,1700.0,1224.0,Maxi,0,0,0,Maxi,"XS
Rs. 1224, S
Rs. 1224, M
Rs. 1224, L
Rs. 1224, XL
Rs. 999, XXL
Rs. 1224",3,No,Jacquard,https://www.myntra.com/ethnic-dresses/shae+by+sassafras/shae-by-sassafras-purple--gold-toned-floral-jacquard-self-belt-maxi-dress/15194498/buy,Seasonal Wear,Party Wear,High,6,Low,1
Floral Printed Maxi Ethnic Dress,Ethnovog,3359,0.0,0.0,3359.0,Maxi,0,0,0,Maxi,"XS, S",4,No,Georgette,https://www.myntra.com/ethnic-dresses/ethnovog/ethnovog-floral-printed-maxi-ethnic-dress/23781922/buy,Traditional,Traditional,High,2,Low,3
Floral Printed Round Neck Gathered Fit & Flare Cotton Maternity Ethnic Dress,MURLI KURTI,495,0.0,163.0,495.0,Midi,Round Neck,Three-Quarter Sleeves,Regular Sleeves,0,"M, L, XL, XXL",4,No,Cotton,https://www.myntra.com/ethnic-dresses/murli+kurti/murli-kurti-floral-printed-round-neck-gathered-fit--flare-cotton-maternity-ethnic-dress/30742834/buy,Traditional,Traditional,Low,4,Low,3
Floral Printed Maxi Dresses,KALINI,1183,0.0,50.0,1183.0,Maxi,Sweetheart Neck,0,0,0,"S, M, L, XL, XXL",4,No,Cotton,https://www.myntra.com/ethnic-dresses/kalini/kalini-floral-printed-maxi-dresses/35410769/buy,Casual,Party Wear,High,5,Low,1
Floral Printed Pure Cotton A-Line Indigo Craft Ethnic Dress,Taavi,1289,0.0,8.0,1289.0,Midi,Square Neck,0,0,A-Line,"XS, S, M, L, XL, XXL",4,Yes,Cotton,https://www.myntra.com/ethnic-dresses/taavi/taavi-floral-printed-pure-cotton-a-line-indigo-craft-ethnic-dress/36500143/buy,Traditional,Traditional,High,6,Low,3
Floral Printed Maternity Ethnic Dress,True Shape,684,0.0,268.0,684.0,Midi,Round Neck,Three-Quarter Sleeves,Regular Sleeves,0,"M, L, XL, XXL, 3XL",4,No,Cotton,https://www.myntra.com/ethnic-dresses/true+shape/true-shape-floral-printed-maternity-ethnic-dress/23972964/buy,Traditional,Traditional,Medium,5,Low,3
Indie Floral Foil Printed Gathers V-Neck A-Line Rogan Crafted Ethnic Dress,Taavi,923,0.0,5.0,923.0,Midi,V-Neck,0,0,A-Line,"XS, S, M, L, XL",4,No,Cotton,https://www.myntra.com/ethnic-dresses/taavi/taavi-indie-floral-foil-printed-gathers-v-neck-a-line-rogan-crafted-ethnic-dress/36500085/buy,Traditional,Traditional,Medium,5,Low,3
Floral Printed Round Neck Maternity Cotton Fit and Flare Dress,MURLI KURTI,495,0.0,164.0,495.0,Midi,Round Neck,Three-Quarter Sleeves,Regular Sleeves,0,"M, L, XL, XXL, 3XL",4,Yes,Cotton,https://www.myntra.com/ethnic-dresses/murli+kurti/murli-kurti-floral-printed-round-neck-maternity-cotton-fit-and-flare-dress/32314103/buy,Casual,Casual,Low,5,Low,0
Floral Printed Round-Neck Cotton A-Line Maternity Ethnic Dress,FASHION SWAG,492,0.0,24.0,492.0,Midi,Round Neck,Three-Quarter Sleeves,Regular Sleeves,A-Line,"M, L, XL, XXL",4,No,Cotton,https://www.myntra.com/ethnic-dresses/fashion+swag/fashion-swag-floral-printed-round-neck-cotton-a-line-maternity-ethnic-dress/36695722/buy,Traditional,Traditional,Low,4,Low,3
Women Maternity Plus Size Floral Printed Flared Cotton Ethnic Dress,Vaidiki,580,0.0,9.0,580.0,Maxi,Round Neck,0,Regular Sleeves,Maxi,"5XL, 6XL, 7XL, 8XL",4,No,Cotton,https://www.myntra.com/ethnic-dresses/vaidiki/vaidiki-women-maternity-plus-size-floral-printed-flared-cotton-ethnic-dress/34431754/buy,Traditional,Traditional,Medium,4,Low,3
Floral Printed Ethnic Maxi Dress With Dupatta,KUNDAN FAB,5556,0.0,0.0,5556.0,Maxi,Mandarin Collar,Three-Quarter Sleeves,Regular Sleeves,Maxi,XL,4,No,Crepe,https://www.myntra.com/ethnic-dresses/kundan+fab/kundan-fab-floral-printed-ethnic-maxi-dress-with-dupatta/31332223/buy,Traditional,Traditional,High,1,Low,3
Floral Printed Round Neck Pure Cotton Midi A-line Kurta,all about you,594,0.0,113.0,594.0,Midi,Round Neck,Three-Quarter Sleeves,Regular Sleeves,A-Line,"S, M, L, XXL",4,No,Cotton,https://www.myntra.com/ethnic-dresses/all+about+you/all-about-you-floral-printed-round-neck-pure-cotton-midi-a-line-kurta/32313037/buy,Casual,Casual,Medium,4,Low,0
Floral Printed Ethnic Dress,Krunal Raiyani,798,0.0,0.0,798.0,Maxi,Round Neck,0,Regular Sleeves,0,"S, M, L, XL, XXL",4,No,Crepe,https://www.myntra.com/ethnic-dresses/krunal+raiyani/krunal-raiyani-floral-printed-ethnic-dress/40218693/buy,Traditional,Traditional,Medium,5,Low,3
Women Maternity Plus Size Floral Printed Flared Cotton Ethnic Dress,Vaidiki,580,0.0,12.0,580.0,Maxi,Round Neck,0,Regular Sleeves,Maxi,"5XL, 6XL, 7XL, 8XL",4,No,Cotton,https://www.myntra.com/ethnic-dresses/vaidiki/vaidiki-women-maternity-plus-size-floral-printed-flared-cotton-ethnic-dress/34431762/buy,Traditional,Traditional,Medium,4,Low,3
Floral Printed Fit & Flared Midi Ethnic Dress,Anouk,1216,0.0,56.0,1216.0,Midi,0,Three-Quarter Sleeves,Regular Sleeves,0,"XS, S, M, L, XL, XXL",4,No,Chiffon,https://www.myntra.com/ethnic-dresses/anouk/anouk-floral-printed-fit--flared-midi-ethnic-dress/32508235/buy,Traditional,Traditional,High,6,Low,3
Floral Printed Pure Cotton A-Line Midi Dress,Rain & Rainbow,713,0.0,7.0,713.0,Midi,Shoulder Straps,0,0,A-Line,"XS, S, M, L",4,No,Cotton,https://www.myntra.com/ethnic-dresses/rain+%26+rainbow/rain--rainbow-floral-printed-pure-cotton-a-line-midi-dress/33950526/buy,Casual,Casual,Medium,4,Low,0
Women Floral Printed Cotton Layered Maxi Ethnic Dress,Sangria,1445,0.0,12.0,1445.0,Maxi,Round Neck,0,Regular Sleeves,Maxi,"S, M, L, XL, XXL",4,No,Cotton,https://www.myntra.com/ethnic-dresses/sangria/sangria-women-floral-printed-cotton-layered-maxi-ethnic-dress/33126785/buy,Traditional,Traditional,High,5,Low,3
Green Floral Print Ethnic Maxi Dress,Ethnovog,6254,0.0,0.0,6254.0,Maxi,Square Neck,Three-Quarter Sleeves,Regular Sleeves,Maxi,"S, L, XL, XXL",4,No,Silk,https://www.myntra.com/ethnic-dresses/ethnovog/ethnovog-green-floral-print-ethnic-maxi-dress/22408852/buy,Party Wear,Traditional,High,4,Low,3
Muslin Floral Printed Anarkali Ethnic Dress & Dupatta,VASTRAMAY,1349,0.0,62.0,1349.0,Maxi,V-Neck,0,0,Maxi,"4-5Y, 5-6Y, 7-8Y",4,No,Cotton,https://www.myntra.com/ethnic-dresses/vastramay/vastramay-muslin-floral-printed-anarkali-ethnic-dress--dupatta/22080248/buy,Traditional,Traditional,High,3,Low,3
Floral Printed Gathered or Pleated Cotton A-Line Ethnic Dress,MURLI KURTI,497,0.0,2100.0,497.0,Midi,Round Neck,Three-Quarter Sleeves,Regular Sleeves,A-Line,"S, M, L, XL, XXL, 3XL",3,No,Cotton,https://www.myntra.com/ethnic-dresses/murli+kurti/murli-kurti-floral-printed-gathered-or-pleated-cotton-a-line-ethnic-dress/30742836/buy,Traditional,Traditional,Low,6,Low,3
Women Maternity Plus Size Floral Printed Flared Cotton Ethnic Dress,Vaidiki,580,0.0,12.0,580.0,Maxi,Round Neck,0,Regular Sleeves,Maxi,"5XL, 6XL, 7XL, 8XL",4,No,Cotton,https://www.myntra.com/ethnic-dresses/vaidiki/vaidiki-women-maternity-plus-size-floral-printed-flared-cotton-ethnic-dress/34431774/buy,Traditional,Traditional,Medium,4,Low,3
Women Ethnic Motifs Floral Anarkali Ethnic Dress,Stylee LIFESTYLE,4391,0.0,0.0,4391.0,Maxi,Round Neck,0,Regular Sleeves,0,XXL,4,No,Georgette,https://www.myntra.com/ethnic-dresses/stylee+lifestyle/stylee-lifestyle-women-ethnic-motifs-floral-anarkali-ethnic-dress/39986002/buy,Traditional,Traditional,High,1,Low,3
Floral Embroidered Sequined Georgette Fit And Flare Ethnic Dress,Fashion Basket,1581,0.0,0.0,1581.0,Maxi,0,0,Regular Sleeves,Maxi,"S, M, L, XL, XXL",4,No,Georgette,https://www.myntra.com/ethnic-dresses/fashion+basket/fashion-basket-floral-embroidered-sequined-georgette-fit-and-flare-ethnic-dress/33703783/buy,Party Wear,Traditional,High,5,Low,3
Floral Printed Fit & Flared Ethnic Dress,Neemiya,676,0.0,13.0,676.0,Midi,Mandarin Collar,0,0,0,"S, M, L, XL, XXL",4,No,Viscose Rayon,https://www.myntra.com/ethnic-dresses/neemiya/neemiya-floral-printed-fit--flared-ethnic-dress/36176072/buy,Traditional,Traditional,Medium,5,Low,3
Floral Printed Maxi Ethnic Dress,ASPORA,1598,0.0,39.0,1598.0,Maxi,V-Neck,0,0,Maxi,"S, M, L, XL, XXL",3,No,Georgette,https://www.myntra.com/ethnic-dresses/aspora/aspora-floral-printed-maxi-ethnic-dress/30484643/buy,Traditional,Traditional,High,5,Low,3
Women Floral Printed Anarkali Ethnic Dress,NANERA,434,0.0,0.0,434.0,Midi,V-Neck,Three-Quarter Sleeves,Regular Sleeves,0,XL,4,No,Viscose Rayon,https://www.myntra.com/ethnic-dresses/nanera/nanera-women-floral-printed-anarkali-ethnic-dress/36649661/buy,Traditional,Traditional,Low,1,Low,3
Floral Printed Round Neck Gotta Patti Fit and Flare Maternity Ethnic Dress,MURLI KURTI,495,0.0,2100.0,495.0,Maxi,Round Neck,Three-Quarter Sleeves,Regular Sleeves,0,"M, L, XL, XXL, 3XL",4,No,Cotton,https://www.myntra.com/ethnic-dresses/murli+kurti/murli-kurti-floral-printed-round-neck-gotta-patti-fit-and-flare-maternity-ethnic-dress/30742596/buy,Traditional,Traditional,Low,5,Low,3
Floral Embroidered Maxi Ethnic Dress With Dupatta,SAPTRANGI,18558,0.0,0.0,18558.0,Maxi,0,Short Sleeves,0,Maxi,S,4,No,Satin,https://www.myntra.com/ethnic-dresses/saptrangi/saptrangi-floral-embroidered-maxi-ethnic-dress-with-dupatta-/33625267/buy,Party Wear,Traditional,High,1,Low,3
Floral Printed Maternity Anarkali Kurta,RANGEELO JAIPUR,455,0.0,40.0,455.0,Midi,Round Neck,Three-Quarter Sleeves,Regular Sleeves,0,"M, L, XL, XXL",4,No,Viscose Rayon,https://www.myntra.com/ethnic-dresses/rangeelo+jaipur/rangeelo-jaipur-floral-printed-maternity-anarkali-kurta/35236566/buy,Casual,Traditional,Low,4,Low,3
Black Floral Embroidered Ethnic Maxi Dress,Cherry & Jerry,1624,0.0,62.0,1624.0,Maxi,Shoulder Straps,0,Regular Sleeves,Maxi,10-11Y,4,No,Georgette,https://www.myntra.com/ethnic-dresses/cherry+%26+jerry/cherry--jerry-black-floral-embroidered-ethnic-maxi-dress/20992358/buy,Party Wear,Traditional,High,1,Low,3
Floral Geometric Print Wrap Shape Ethnic Dress,Sangria,1022,0.0,0.0,1022.0,Midi,V-Neck,Short Sleeves,0,0,"XS, S, M, L, XL, XXL",4,No,Satin,https://www.myntra.com/ethnic-dresses/sangria/sangria-floral-geometric-print-wrap-shape-ethnic-dress/36635230/buy,Traditional,Traditional,High,6,Low,3
Sanganeri Folk Floral Printed Pure Cotton Ethnic Dress,Taavi,1189,0.0,54.0,1189.0,Above Knee,V-Neck,Three-Quarter Sleeves,Regular Sleeves,A-Line,"XS
Rs. 1049, S
Rs. 1189, M
Rs. 1189, L
Rs. 1189, XL
Rs. 1189, XXL
Rs. 1189",3,No,Cotton,https://www.myntra.com/ethnic-dresses/taavi/taavi-sanganeri-folk-floral-printed-pure-cotton-ethnic-dress/30964940/buy,Traditional,Traditional,High,6,Low,3
Navy Blue Floral Ethnic Midi Dress,Vishudh,437,0.0,1200.0,437.0,Midi,Mandarin Collar,0,Regular Sleeves,0,"XL, XXL",4,No,Cotton,https://www.myntra.com/ethnic-dresses/vishudh/vishudh-navy-blue-floral-ethnic-midi-dress/17445628/buy,Traditional,Traditional,Low,2,Low,3
Women Ethnic Motifs Floral Anarkali Ethnic Dress,Stylee LIFESTYLE,4328,0.0,0.0,4328.0,Maxi,0,0,Regular Sleeves,0,XXL,4,No,Georgette,https://www.myntra.com/ethnic-dresses/stylee+lifestyle/stylee-lifestyle-women-ethnic-motifs-floral-anarkali-ethnic-dress/39986001/buy,Traditional,Traditional,High,1,Low,3
Floral Printed Round Neck Cotton Fit and Flare Maternity Ethnic Dress,MURLI KURTI,499,0.0,205.0,499.0,Maxi,Round Neck,Three-Quarter Sleeves,Regular Sleeves,0,"M, L, XL, XXL",3,No,Cotton,https://www.myntra.com/ethnic-dresses/murli+kurti/murli-kurti-floral-printed-round-neck-cotton-fit-and-flare-maternity-ethnic-dress/30742453/buy,Traditional,Traditional,Low,4,Low,3
Women Yellow Floral Printed Floral Anarkali Ethnic Dress,Soch,1999,0.0,18.0,1999.0,Maxi,Round Neck,Three-Quarter Sleeves,Regular Sleeves,0,"XS, XL",4,No,Cotton,https://www.myntra.com/ethnic-dresses/soch/soch-women-yellow-floral-printed-floral-anarkali-ethnic-dress/19169110/buy,Traditional,Traditional,High,2,Low,3
women pink Floral Ethnic Maxi Dress,PIROH,1830,0.0,19.0,1830.0,Maxi,Round Neck,Three-Quarter Sleeves,Regular Sleeves,Maxi,M,4,No,Cotton,https://www.myntra.com/ethnic-dresses/piroh/piroh-women-pink-floral-ethnic-maxi-dress/18942918/buy,Traditional,Traditional,High,1,Low,3
Floral Printed Tiered Dress,anayna,1399,0.0,10100.0,1399.0,Maxi,V-Neck,0,0,0,"XS, S, M, L, XL, XXL, 3XL",4,No,Cotton,https://www.myntra.com/ethnic-dresses/anayna/anayna-floral-printed-tiered-dress/39993324/buy,Casual,Casual,High,7,Low,0
Women Floral Embellished Green Ethnic Dress,Adwitiya,4163,0.0,0.0,4163.0,Midi,Round Neck,Three-Quarter Sleeves,Regular Sleeves,Maxi,"M, XL",4,No,Georgette,https://www.myntra.com/ethnic-dresses/adwitiya/adwitiya-women-floral-embellished-green-ethnic-dress/30866410/buy,Traditional,Traditional,High,2,Low,3
Blue Floral Ethnic Shirt Dress,Cloth Haus India,2879,0.0,0.0,2879.0,Midi,0,0,Regular Sleeves,0,"S
Rs. 3800, M
Rs. 2879, L
Rs. 2879",4,No,Schiffli,https://www.myntra.com/ethnic-dresses/cloth+haus+india/cloth-haus-india-blue-floral-ethnic-shirt-dress/20910928/buy,Traditional,Traditional,High,3,Low,3
Women Blue & White Pure Cotton Floral Print Maxi Dress,Divena,894,0.0,972.0,894.0,Maxi,Shoulder Straps,0,0,Maxi,"XS, S, M, L, XL, XXL, 3XL, 4XL, 5XL, 6XL, 7XL",3,No,Cotton,https://www.myntra.com/ethnic-dresses/divena/divena-women-blue--white-pure-cotton-floral-print-maxi-dress/14101554/buy,Casual,Party Wear,Medium,11,Low,1
Floral Printed Pure Cotton Fit & Flare Ethnic Dress,Rain & Rainbow,1360,0.0,3100.0,1360.0,Midi,Halter Neck,0,0,0,"S, M, L, XL, XXL",3,No,Cotton,https://www.myntra.com/ethnic-dresses/rain+%26+rainbow/rain--rainbow-floral-printed-pure-cotton-fit--flare-ethnic-dress/30557109/buy,Traditional,Traditional,High,5,Low,3
Women Silk Maroon Floral Embroidered Ethnic Dress,Sangria,1396,0.0,129.0,1396.0,Maxi,Round Neck,Three-Quarter Sleeves,0,0,"S, M, L, XL",3,No,"Polyester, Poly Silk",https://www.myntra.com/ethnic-dresses/sangria/sangria-women-silk-maroon-floral-embroidered-ethnic-dress/36880461/buy,Party Wear,Traditional,High,4,Low,3
Floral Printed Embroidered Gown Ethnic Dress,Rujave,882,0.0,9.0,882.0,Maxi,V-Neck,Three-Quarter Sleeves,Regular Sleeves,0,"S, M, L, XL, XXL, 3XL, 4XL",4,No,Cotton,https://www.myntra.com/ethnic-dresses/rujave/rujave-floral-printed-embroidered-gown-ethnic-dress/32013248/buy,Party Wear,Traditional,Medium,7,Low,3
Floral Printed Ethnic Dress,Krunal Raiyani,798,0.0,0.0,798.0,Maxi,Round Neck,0,Regular Sleeves,0,"S, M, L, XL, XXL",4,No,Crepe,https://www.myntra.com/ethnic-dresses/krunal+raiyani/krunal-raiyani-floral-printed-ethnic-dress/40218697/buy,Traditional,Traditional,Medium,5,Low,3
Girl Floral Embroidered Maxi Ethnic Dress,Inddus,1799,0.0,8.0,1799.0,Maxi,Round Neck,0,0,Maxi,"12Y, 14Y",4,No,Georgette,https://www.myntra.com/ethnic-dresses/inddus/inddus-girl-floral-embroidered-maxi-ethnic-dress/38623930/buy,Party Wear,Traditional,High,2,Low,3
Bandhani Floral Printed Fit & Flare Ethnic Dress,Chandbaali,1362,0.0,29.0,1362.0,Maxi,Round Neck,0,0,Maxi,"S, M, L, XL, XXL",4,No,Viscose Rayon,https://www.myntra.com/ethnic-dresses/chandbaali/chandbaali-bandhani-floral-printed-fit--flare-ethnic-dress/33063357/buy,Traditional,Traditional,High,5,Low,3
Floral Printed Cotton Fit & Flare Ethnic Dress,Anouk,596,0.0,34.0,596.0,Midi,Round Neck,Three-Quarter Sleeves,0,0,"S, M, L, XL, XXL",4,No,Cotton,https://www.myntra.com/ethnic-dresses/anouk/anouk-floral-printed-cotton-fit--flare-ethnic-dress/30742988/buy,Traditional,Traditional,Medium,5,Low,3
Pink Floral Jacquard Ethnic Maxi Dress,White World,4898,0.0,31.0,4898.0,Maxi,Round Neck,0,0,Maxi,7-8Y,4,No,Silk,https://www.myntra.com/ethnic-dresses/white+world/white-world-pink-floral-jacquard-ethnic-maxi-dress/18330258/buy,Party Wear,Traditional,High,1,Low,3
Floral Embroidered Notch Neck Georgette Ethnic Dresses,Shae by SASSAFRAS,1349,0.0,246.0,1349.0,Maxi,Round Neck,0,Regular Sleeves,0,"S, M, L, XL, XXL",4,No,Georgette,https://www.myntra.com/ethnic-dresses/shae+by+sassafras/shae-by-sassafras-floral-embroidered-notch-neck-georgette-ethnic-dresses/32741851/buy,Party Wear,Traditional,High,5,Low,3
Blue Floral Printed Cotton Midi Fit & Flared Dress,GLAM ROOTS,675,0.0,64.0,675.0,Midi,Round Neck,Three-Quarter Sleeves,Regular Sleeves,0,"S, M, L, XL, XXL, 3XL",4,No,Cotton,https://www.myntra.com/ethnic-dresses/glam+roots/glam-roots-blue-floral-printed-cotton-midi-fit--flared-dress/17264432/buy,Casual,Casual,Medium,6,Low,0
Floral Embroidered Maxi Ethnic Dress With Dupatta,SAPTRANGI,12477,0.0,0.0,12477.0,Maxi,0,Short Sleeves,0,Maxi,S,4,No,Satin,https://www.myntra.com/ethnic-dresses/saptrangi/saptrangi-floral-embroidered-maxi-ethnic-dress-with-dupatta-/33625272/buy,Party Wear,Traditional,High,1,Low,3
Floral Print Shoulder Straps Ethnic Dress,Anouk,593,0.0,44.0,593.0,Midi,V-Neck,0,0,0,"XS, S, M, L, XL, XXL",3,No,Cotton,https://www.myntra.com/ethnic-dresses/anouk/anouk-floral-print-shoulder-straps-ethnic-dress/32467219/buy,Traditional,Traditional,Medium,6,Low,3
Floral Printed Round Neck Tiered Fit & Flare Midi Ethnic Dress,A&K,998,0.0,110.0,998.0,Midi,Shoulder Straps,0,0,0,"S, M, L, XL, XXL",3,No,Viscose Rayon,https://www.myntra.com/ethnic-dresses/a%26k/ak-floral-printed-round-neck-tiered-fit--flare-midi-ethnic-dress/32854575/buy,Traditional,Traditional,Medium,5,Low,3
Yellow Floral Embroidered Ethnic Maxi Dress,Sangria,818,0.0,56.0,818.0,Maxi,V-Neck,Three-Quarter Sleeves,Regular Sleeves,Maxi,"S, M, L",4,No,Cotton,https://www.myntra.com/ethnic-dresses/sangria/sangria-yellow-floral-embroidered-ethnic-maxi-dress/19016912/buy,Party Wear,Traditional,Medium,3,Low,3
Floral Printed Fit & Flare Midi Ethnic Dresses,Inddus,1670,0.0,0.0,1670.0,Midi,Shoulder Straps,0,0,0,"XS, S, M, L, XL, XXL",4,No,Georgette,https://www.myntra.com/ethnic-dresses/inddus/inddus-floral-printed-fit--flare-midi-ethnic-dresses/41284917/buy,Traditional,Traditional,High,6,Low,3
Pink Floral Printed Maxi Ethnic Dress,Vishudh,989,0.0,220.0,989.0,Maxi,Round Neck,Three-Quarter Sleeves,Regular Sleeves,Maxi,S,4,No,Viscose Rayon,https://www.myntra.com/ethnic-dresses/vishudh/vishudh-pink-floral-printed-maxi-ethnic-dress/24585342/buy,Traditional,Traditional,Medium,1,Low,3
Plus Size Floral Printed Fit & Flare Maxi Ethnic Dress,A PLUS BY AHALYAA,1509,0.0,146.0,1509.0,Maxi,Round Neck,0,0,Maxi,"3XL, 4XL, 5XL, 6XL, 7XL",3,No,Poly Silk,https://www.myntra.com/ethnic-dresses/a+plus+by+ahalyaa/a-plus-by-ahalyaa-plus-size-floral-printed-fit--flare-maxi-ethnic-dress/28392950/buy,Party Wear,Traditional,High,5,Low,3
Floral Georgette Anarkali Ethnic Dress,KALINI,1510,0.0,5.0,1510.0,Maxi,Round Neck,0,Regular Sleeves,0,XL,4,No,Georgette,https://www.myntra.com/ethnic-dresses/kalini/kalini-floral-georgette-anarkali-ethnic-dress-/25536252/buy,Traditional,Traditional,High,1,Low,3
Floral Embroidered Gathered Sequinned Bell Sleeves Maxi Ethnic Dress,MADHURAM,1537,0.0,474.0,1537.0,Maxi,0,Three-Quarter Sleeves,0,Maxi,"S, L, XL, XXL, 3XL, 4XL",3,No,Satin,https://www.myntra.com/ethnic-dresses/madhuram/madhuram-floral-embroidered-gathered-sequinned-bell-sleeves-maxi-ethnic-dress/25100514/buy,Party Wear,Traditional,High,6,Low,3
Floral Print Cotton A-Line Midi Ethnic Dress,Sangria,949,0.0,61.0,949.0,Midi,V-Neck,Three-Quarter Sleeves,Regular Sleeves,0,"XS, S, M, L",3,Yes,Cotton,https://www.myntra.com/ethnic-dresses/sangria/sangria-floral-print-cotton-a-line-midi-ethnic-dress/32330179/buy,Traditional,Traditional,Medium,4,Low,3
Floral Print Maxi Ethnic Dress,SUKRUTI DESIGN,4698,0.0,0.0,4698.0,Maxi,Round Neck,Three-Quarter Sleeves,Regular Sleeves,Maxi,"XL, XXL",4,No,Silk,https://www.myntra.com/ethnic-dresses/sukruti+design/sukruti-design-floral-print-maxi-ethnic-dress/30046692/buy,Party Wear,Traditional,High,2,Low,3
Green & Red Floral Satin Ethnic Maxi Dress,WISHFUL,2880,0.0,17.0,2880.0,Maxi,Round Neck,0,Regular Sleeves,Maxi,XS,4,No,Viscose Rayon,https://www.myntra.com/ethnic-dresses/wishful/wishful-green--red-floral-satin-ethnic-maxi-dress/19822910/buy,Traditional,Traditional,High,1,Low,3
Floral Embroidered Sequinned Georgette Fit & Flare Maxi Dress,KALINI,1359,0.0,100.0,1359.0,Maxi,Round Neck,Three-Quarter Sleeves,Regular Sleeves,Maxi,"S
Rs. 1359, M
Rs. 1359, L
Rs. 1525, XL
Rs. 1525, XXL
Rs. 1359",3,No,Georgette,https://www.myntra.com/ethnic-dresses/kalini/kalini-floral-embroidered-sequinned-georgette-fit--flare-maxi-dress/31240672/buy,Party Wear,Traditional,High,5,Low,3
Women Blue Floral Printed Ethnic Maxi Dress,AURELIA,1740,0.0,119.0,1740.0,Maxi,Round Neck,Three-Quarter Sleeves,Regular Sleeves,Maxi,"XS, S, M, L",4,No,Cotton,https://www.myntra.com/ethnic-dresses/aurelia/aurelia-women-blue-floral-printed-ethnic-maxi-dress/20561812/buy,Traditional,Traditional,High,4,Low,3
Relaxed Fit Floral Printed A-Line Pure Cotton Midi Dress,BLACK & BLAH BLAH,807,0.0,1100.0,807.0,Knee Length,V-Neck,Short Sleeves,0,A-Line,"S, M, L, XL, XXL",3,No,Cotton,https://www.myntra.com/ethnic-dresses/black+%26+blah+blah/black--blah-blah-relaxed-fit-floral-printed-a-line-pure-cotton-midi-dress/27950164/buy,Casual,Casual,Medium,5,Low,0
Floral Embroidered Midi Ethnic Dress,Vorcia Febtex,382,0.0,25.0,382.0,Midi,Round Neck,Three-Quarter Sleeves,Regular Sleeves,0,"S, M, XXL",4,No,Viscose Rayon,https://www.myntra.com/ethnic-dresses/vorcia+febtex/vorcia-febtex-floral-embroidered-midi-ethnic-dress/32706437/buy,Party Wear,Traditional,Low,3,Low,3
Women Floral Zari and Sequinned Embroidered Maxi Ethnic Dress,Sangria,1751,0.0,204.0,1751.0,Maxi,V-Neck,Short Sleeves,0,0,"XS, S, M, L, XL",4,No,Georgette,https://www.myntra.com/ethnic-dresses/sangria/sangria-women-floral-zari-and-sequinned-embroidered-maxi-ethnic-dress/30931374/buy,Party Wear,Traditional,High,5,Low,3
Anayna Floral Printed Fit & Flare Ethnic Midi Dress,anayna,1304,0.0,230.0,1304.0,Midi,Square Neck,0,0,0,"XS, S, M, L, XL, XXL, 3XL",3,No,Cotton,https://www.myntra.com/ethnic-dresses/anayna/anayna-floral-printed-fit--flare-ethnic-midi-dress/32630291/buy,Traditional,Traditional,High,7,Low,3
Floral Geometric Print Wrap Shape Ethnic Dress,Sangria,1055,0.0,7.0,1055.0,Midi,V-Neck,Short Sleeves,0,0,"XS, S, M, L, XL, XXL",4,No,Satin,https://www.myntra.com/ethnic-dresses/sangria/sangria-floral-geometric-print-wrap-shape-ethnic-dress/36635231/buy,Traditional,Traditional,High,6,Low,3
Floral Printed Gotta Patti Angrakha Maxi Ethnic Dress,Shae by SASSAFRAS,1439,0.0,1100.0,1439.0,Maxi,0,Three-Quarter Sleeves,Regular Sleeves,0,"XS, S, M, L, XL, XXL",3,No,Satin,https://www.myntra.com/ethnic-dresses/shae+by+sassafras/shae-by-sassafras-floral-printed-gotta-patti-angrakha-maxi-ethnic-dress/25052824/buy,Traditional,Traditional,High,6,Low,3
Flared Floral Printed Pleated Ethnic Dress,Sangria,1899,0.0,7.0,1899.0,Maxi,Keyhole Neck,0,Regular Sleeves,0,"S, M",4,No,Georgette,https://www.myntra.com/ethnic-dresses/sangria/sangria-flared-floral-printed-pleated-ethnic-dress/33593445/buy,Traditional,Traditional,High,2,Low,3
