Name,Brand,Price,Rating,Reviews,Discount,Length,Neck,Sleeve_Length,Sleeve_Style,Shape,Sizes_Available,Color_Count,Pocket,Material_&_Care,Product_Link
Women Floral Printed Pure Cotton A-Line Midi Dress,Sangria,₹704,4.3 | 82 Ratings,82 Ratings,₹704 MRP ₹2699(74% OFF),Midi,V-Neck,,,A-Line,"M, L, XL, XXL",4,No,Cotton,https://www.myntra.com/ethnic-dresses/sangria/sangria-women-floral-printed-pure-cotton-a-line-midi-dress/33440363/buy
Women Maternity Floral Printed Ethnic Dress,Vaidiki,₹676,5 | 5 Ratings,5 Ratings,₹676 MRP ₹2398(72% OFF),Maxi,Round Neck,,,,"5XL, 6XL, 7XL, 8XL",4,No,Viscose Rayon,https://www.myntra.com/ethnic-dresses/vaidiki/vaidiki-women-maternity-floral-printed-ethnic-dress/34899914/buy
Women Floral Thread Embroidered Ethnic Dress,Inddus,₹1596,4.2 | 61 Ratings,61 Ratings,₹1596 MRP ₹4199(62% OFF),Maxi,V-Neck,,,,"XS, S, M, L, XL",4,No,Net,https://www.myntra.com/ethnic-dresses/inddus/inddus-women-floral-thread-embroidered-ethnic-dress/40815094/buy
Women Floral Printed Round Neck Pure Cotton Maternity Fit & Flare Maxi Ethnic Dress,Henal,₹752,,,₹752 MRP ₹2999(75% OFF),Maxi,Round Neck,Three-Quarter Sleeves,Regular Sleeves,,"M, L, XL, XXL",4,No,Cotton,https://www.myntra.com/ethnic-dresses/henal/henal-women-floral-printed-round-neck-pure-cotton-maternity-fit--flare-maxi-ethnic-dress/37686735/buy
Embroidered Floral Ethnic Dresses,Angoshobha,₹3652,,,₹3652 MRP ₹6325(42% OFF),Knee Length,Shirt Collar,Short Sleeves,,A-Line,M,4,No,Cotton,https://www.myntra.com/ethnic-dresses/angoshobha/angoshobha-embroidered-floral-ethnic-dresses/30487399/buy
Women Maternity Plus Size Floral Printed Flared Ethnic Dress,Vaidiki,₹676,4.7 | 9 Ratings,9 Ratings,₹676 MRP ₹2398(72% OFF),Maxi,Round Neck,,Regular Sleeves,Maxi,"5XL, 6XL, 7XL, 8XL",4,No,Viscose Rayon,https://www.myntra.com/ethnic-dresses/vaidiki/vaidiki-women-maternity-plus-size-floral-printed-flared-ethnic-dress/34899629/buy
Anayna Floral Print Pure Cotton Tiered Midi Ethnic Dress,anayna,₹1271,4.4 | 1.1k Ratings,1.1k Ratings,₹1271 MRP ₹4160(69% OFF),Midi,,,,,"XS, S, M, L, XL, XXL, 3XL",3,No,Cotton,https://www.myntra.com/ethnic-dresses/anayna/anayna-floral-print-pure-cotton-tiered-midi-ethnic-dress/23158872/buy
Women Floral Thread Embroidered Ethnic Dress,Inddus,₹1603,4.3 | 74 Ratings,74 Ratings,₹1603 MRP ₹4199(62% OFF),Maxi,V-Neck,,,,"XS, S, M, L, XL",4,No,Net,https://www.myntra.com/ethnic-dresses/inddus/inddus-women-floral-thread-embroidered-ethnic-dress/38334655/buy
Floral-Printed Empire Ethnic Dress,Sangria,₹757,4.2 | 1.2k Ratings,1.2k Ratings,₹757 MRP ₹2425(69% OFF),Midi,V-Neck,Three-Quarter Sleeves,Regular Sleeves,A-Line,S,3,No,Viscose Rayon,https://www.myntra.com/ethnic-dresses/sangria/sangria-floral-printed-empire-ethnic-dress/24804524/buy
Floral Embroidered Maxi Ethnic Dress,Soch,₹1860,4 | 8 Ratings,8 Ratings,₹1860 MRP ₹2620(29% OFF),Maxi,V-Neck,Three-Quarter Sleeves,Regular Sleeves,Maxi,XL,4,No,Viscose Rayon,https://www.myntra.com/ethnic-dresses/soch/soch-floral-embroidered-maxi-ethnic-dress/24989024/buy
Floral Printed Maxi Ethnic Dress,CHANSI,₹958,4.1 | 35 Ratings,35 Ratings,₹958 MRP ₹3999(76% OFF),Maxi,Round Neck,Three-Quarter Sleeves,,Maxi,"S, M, L, XL, XXL, 3XL, 4XL, 5XL",4,No,Georgette,https://www.myntra.com/ethnic-dresses/chansi/chansi-floral-printed-maxi-ethnic-dress/26088672/buy
Off White & Yellow Floral Ethnic Midi Dress,Biba,₹1655,4.1 | 32 Ratings,32 Ratings,₹1655 MRP ₹2299(28% OFF),Midi,Round Neck,Three-Quarter Sleeves,Regular Sleeves,,"S, M, L, XL, 3XL",4,No,Viscose Rayon,https://www.myntra.com/ethnic-dresses/biba/biba-off-white--yellow-floral-ethnic-midi-dress/16585608/buy
Floral Printed Tiered Ethnic Dress,Janasya,₹925,4.1 | 9 Ratings,9 Ratings,₹925 MRP ₹3099(70% OFF),Midi,Round Neck,,,,"XS, XXL",3,No,Georgette,https://www.myntra.com/ethnic-dresses/janasya/janasya-floral-printed-tiered-ethnic-dress/33476915/buy
Red Floral Net Ethnic Maxi Dress,White World,MRP₹ 4999,4.6 | 22 Ratings,22 Ratings,MRP₹ 4999,Maxi,,,,Maxi,"5-6Y, 7-8Y, 9-10Y, 11-12Y, 13-14Y",4,No,Net,https://www.myntra.com/ethnic-dresses/white+world/white-world-red-floral-net-ethnic-maxi-dress/19359720/buy
Floral Printed Fit and Flare Midi Ethnic Dress With Dupatta,SkyaSia,₹577,3.6 | 391 Ratings,391 Ratings,₹577 MRP ₹2499(77% OFF),Midi,V-Neck,Three-Quarter Sleeves,Regular Sleeves,,"S, M, L, XL, XXL, 3XL",3,No,Viscose Rayon,https://www.myntra.com/ethnic-dresses/skyasia/skyasia-floral-printed-fit-and-flare-midi-ethnic-dress-with-dupatta/23581188/buy
Floral Print Tie-up Neck Paneled Shirt Style Dress,Sangria,₹869,3.9 | 70 Ratings,70 Ratings,₹869 MRP ₹2999(71% OFF),Knee Length,Tie-Up Neck,,,,"XS, S, M, L, XL, XXL",3,No,Polyester,https://www.myntra.com/ethnic-dresses/sangria/sangria-floral-print--tie-up-neck-paneled-shirt-style-dress-/32330228/buy
White Floral Ethnic Maxi Dress,KALINI,MRP₹ 3599,3.9 | 563 Ratings,563 Ratings,MRP₹ 3599,Maxi,Square Neck,Three-Quarter Sleeves,Regular Sleeves,Maxi,"S, M",4,No,Cotton,https://www.myntra.com/ethnic-dresses/kalini/kalini-white-floral-ethnic-maxi-dress/18374468/buy
Women Pink Floral Embroidered Maxi Ethnic Dress,Vishudh,₹591,4.2 | 548 Ratings,548 Ratings,₹591 MRP ₹1849(68% OFF),Maxi,Round Neck,Three-Quarter Sleeves,,Maxi,S,3,No,Viscose Rayon,https://www.myntra.com/ethnic-dresses/vishudh/vishudh-women-pink-floral-embroidered-maxi-ethnic-dress/11524936/buy
Floral Printed Maxi Ethnic Dress,SAPTRANGI,₹18558,,,₹18558 MRP ₹34999(47% OFF),Maxi,,Short Sleeves,,Maxi,M,4,No,Satin,https://www.myntra.com/ethnic-dresses/saptrangi/saptrangi-floral-printed-maxi-ethnic-dress/33625137/buy
Cotton Floral Ethnic Midi Ethnic Dress,SUTI,₹1979,,,₹1979 MRP ₹3499(43% OFF),Midi,Round Neck,Three-Quarter Sleeves,Regular Sleeves,,"S, M, L",4,No,Cotton,https://www.myntra.com/ethnic-dresses/suti/suti-cotton-floral-ethnic-midi-ethnic-dress/21263754/buy
Women Floral Printed Midi Ethnic Dresses,anayna,₹1670,4.4 | 1.1k Ratings,1.1k Ratings,₹1670 MRP ₹4750(65% OFF),Midi,,,,,"XS, S, M, L, XL, XXL, 3XL",3,No,Georgette,https://www.myntra.com/ethnic-dresses/anayna/anayna-women-floral-printed-midi-ethnic-dresses/31742090/buy
Floral Print Mandarin Collar Gota Lace Yoke Flared Hem A-Line Maxi Dress,Globus,₹1475,4.2 | 69 Ratings,69 Ratings,₹1475 MRP ₹2499(41% OFF),Maxi,Mandarin Collar,,,A-Line,"S, M, L, XL",4,No,Viscose Rayon,https://www.myntra.com/ethnic-dresses/globus/globus-floral-print-mandarin-collar-gota-lace-yoke-flared-hem-a-line-maxi-dress/35118763/buy
Women Floral Printed Ethnic Dress,Inddus,₹1498,,,₹1498 MRP ₹4399(66% OFF),Maxi,Shoulder Straps,,,,"XS, S, M, L, XL, XXL",4,No,"Polyester, Polyester",https://www.myntra.com/ethnic-dresses/inddus/inddus-women-floral-printed-ethnic-dress/40455498/buy
Blue Floral Ethnic A-Line Cotton Midi Ethnic Dress,anayna,₹1298,4.3 | 2.2k Ratings,2.2k Ratings,₹1298 MRP ₹3690(65% OFF),Midi,Strapless,Three-Quarter Sleeves,,A-Line,"XS, S, M, L, XL, XXL, 3XL",3,No,Cotton,https://www.myntra.com/ethnic-dresses/anayna/anayna-blue-floral-ethnic-a-line-cotton-midi-ethnic-dress/21334312/buy
Floral Printed Round Neck Gathered Fit & Flare Cotton Maternity Ethnic Dress,MURLI KURTI,₹495,4 | 1.4k Ratings,1.4k Ratings,₹495 MRP ₹2949(83% OFF),Midi,Round Neck,Three-Quarter Sleeves,Regular Sleeves,,"M, L, XL, XXL",3,No,Cotton,https://www.myntra.com/ethnic-dresses/murli+kurti/murli-kurti-floral-printed-round-neck-gathered-fit--flare-cotton-maternity-ethnic-dress/30742562/buy
Floral Printed Pure Cotton Maternity Ethnic Dresses,Tulsiram,₹549,4.1 | 155 Ratings,155 Ratings,₹549 MRP ₹2499(78% OFF),Midi,Round Neck,Three-Quarter Sleeves,Regular Sleeves,A-Line,"M, L, XL, XXL",4,No,Cotton,https://www.myntra.com/ethnic-dresses/tulsiram/tulsiram-floral-printed-pure-cotton-maternity-ethnic-dresses/32396190/buy
Floral Printed V-Neck A-Line Midi Ethnic Dress,Anni Designer,₹767,3 | 7 Ratings,7 Ratings,₹767 MRP ₹3197(76% OFF),Midi,V-Neck,Three-Quarter Sleeves,Regular Sleeves,A-Line,"S, M, L, XL, XXL",4,No,Cotton,https://www.myntra.com/ethnic-dresses/anni+designer/anni-designer-floral-printed-v-neck-a-line-midi-ethnic-dress/29972588/buy
Floral Printed Anarkali Ethnic Dress & Dupatta,VASTRAMAY,₹1349,,,₹1349 MRP ₹2999(55% OFF),Maxi,Shoulder Straps,,,,2-3Y,4,No,Cotton,https://www.myntra.com/ethnic-dresses/vastramay/vastramay-floral-printed-anarkali-ethnic-dress--dupatta/24099124/buy
Floral Yoke Design Thread Work Anarkali Dresses,DMP FASHION,₹497,3.9 | 8 Ratings,8 Ratings,₹497 MRP ₹1999(75% OFF),Midi,Round Neck,Three-Quarter Sleeves,Regular Sleeves,Maxi,"S, M, L, XL, XXL, 3XL",4,No,Viscose Rayon,https://www.myntra.com/ethnic-dresses/dmp+fashion/dmp-fashion-floral-yoke-design-thread-work-anarkali-dresses/33342638/buy
Floral Embroidered Thread Work Georgette Fit and Flare Ethnic Dress,KALINI,₹1359,4.2 | 486 Ratings,486 Ratings,₹1359 MRP ₹7999(83% OFF),Maxi,Round Neck,Three-Quarter Sleeves,Regular Sleeves,,"S, M, L, XL, XXL",3,No,Georgette,https://www.myntra.com/ethnic-dresses/kalini/kalini-floral-embroidered-thread-work-georgette-fit-and-flare-ethnic-dress/31209059/buy
Festive Floral Printed Ethnic Dress,Taavi,₹1273,4.5 | 22 Ratings,22 Ratings,₹1273 MRP ₹4899(74% OFF),Midi,V-Neck,,,A-Line,"XS, S, M, L",3,No,"Cotton, Viscose Rayon",https://www.myntra.com/ethnic-dresses/taavi/taavi-festive-floral-printed-ethnic-dress/30093887/buy
Women Plus Size Floral Printed Maxi Ethnic Dress,Souchii,₹2799,,,₹2799 MRP ₹3999(30% OFF),Maxi,,,,Maxi,"XXL, 3XL",4,No,Chiffon,https://www.myntra.com/ethnic-dresses/souchii/souchii-women-plus-size-floral-printed-maxi-ethnic-dress/30843664/buy
Women Floral Printed Flared Midi Dress,anayna,₹1399,4.6 | 960 Ratings,960 Ratings,₹1399 MRP ₹4750(71% OFF),Midi,,,,,"XS, S, M, L, XL, XXL, 3XL",4,No,Georgette,https://www.myntra.com/ethnic-dresses/anayna/anayna-women-floral-printed-flared-midi-dress/31742105/buy
Floral Printed Ethnic Dress,Krunal Raiyani,₹798,,,₹798 MRP ₹1999(60% OFF),Maxi,Round Neck,,Regular Sleeves,,"S, M, L, XL, XXL",4,No,Crepe,https://www.myntra.com/ethnic-dresses/krunal+raiyani/krunal-raiyani-floral-printed-ethnic-dress/40218698/buy
Purple Floral Ethnic Maxi Dress,Ethnovog,₹2060,,,₹2060 MRP ₹5732(64% OFF),Maxi,Round Neck,Three-Quarter Sleeves,Regular Sleeves,Maxi,XS,4,No,Nylon,https://www.myntra.com/ethnic-dresses/ethnovog/ethnovog-purple-floral-ethnic-maxi-dress/19791570/buy
Floral Embroidered Maxi Ethnic Dress With Dupatta,SAPTRANGI,₹10957,,,₹10957 MRP ₹34999(69% OFF),Maxi,,Short Sleeves,,Maxi,S,4,No,Satin,https://www.myntra.com/ethnic-dresses/saptrangi/saptrangi-floral-embroidered-maxi-ethnic-dress-with-dupatta/33625268/buy
Floral Printed Maxi Ethnic Dress,AKS Couture,₹1884,4.6 | 25 Ratings,25 Ratings,₹1884 MRP ₹4999(62% OFF),Maxi,Shoulder Straps,,,Maxi,XXL,4,No,Cotton,https://www.myntra.com/ethnic-dresses/aks+couture/aks-couture-floral-printed-maxi-ethnic-dress/24487128/buy
Dabu Floral Printed Cotton Linen Midi Shirt Ethnic Dresses,Taavi,₹1084,4.7 | 30 Ratings,30 Ratings,₹1084 MRP ₹3499(69% OFF),Midi,Shirt Collar,,Regular Sleeves,,"XS, S, M, L, XL",4,No,Cotton,https://www.myntra.com/ethnic-dresses/taavi/taavi-dabu-floral-printed-cotton-linen-midi-shirt-ethnic-dresses/37948499/buy
Floral Printed Floral Ethnic Dress,Stylum,₹599,4.1 | 12 Ratings,12 Ratings,₹599 MRP ₹2000(Rs. 1401 OFF),Midi,Mandarin Collar,Three-Quarter Sleeves,Regular Sleeves,A-Line,"S, M, L, XL",4,No,Viscose Rayon,https://www.myntra.com/ethnic-dresses/stylum/stylum-floral-printed-floral-ethnic-dress/21645000/buy
Floral Printed Tiered Ethnic Dress,Janasya,₹925,4.6 | 18 Ratings,18 Ratings,₹925 MRP ₹3329(72% OFF),Midi,,,,,"XL, XXL, 3XL",4,No,Georgette,https://www.myntra.com/ethnic-dresses/janasya/janasya-floral-printed-tiered-ethnic-dress/33477042/buy
Women Green & Maroon Floral Printed Tiered Fit and Flare Dress,Rain & Rainbow,₹1107,4.5 | 948 Ratings,948 Ratings,₹1107 MRP ₹2995(63% OFF),Midi,V-Neck,,,,"S, M, L, XL, XXL",3,No,Cotton,https://www.myntra.com/ethnic-dresses/rain+%26+rainbow/rain--rainbow-women-green--maroon-floral-printed-tiered-fit-and-flare-dress/11357104/buy
Floral Printed Tiered Ethnic A-Line Dresses,Rain & Rainbow,₹930,3.5 | 6 Ratings,6 Ratings,₹930 MRP ₹1995(53% OFF),Above Knee,Mandarin Collar,,,,"XS, S, M, L",4,No,Cotton,https://www.myntra.com/ethnic-dresses/rain+%26+rainbow/rain--rainbow-floral-printed-tiered-ethnic-a-line-dresses/37335398/buy
Floral Printed Fit & Flare Maternity Ethnic Dress,Tulsiram,₹549,4.4 | 37 Ratings,37 Ratings,₹549 MRP ₹2499(78% OFF),Maxi,Round Neck,Three-Quarter Sleeves,Regular Sleeves,Maxi,"M, L, XL, XXL",4,No,Viscose Rayon,https://www.myntra.com/ethnic-dresses/tulsiram/tulsiram-floral-printed-fit--flare-maternity-ethnic-dress/34856827/buy
Floral Printed Round Neck Fit & Flare Midi Maternity Ethnic Dress,Pristyle,₹482,4.1 | 84 Ratings,84 Ratings,₹482 MRP ₹2999(84% OFF),Midi,Round Neck,,,,"M, L, XL, XXL",4,No,Cotton,https://www.myntra.com/ethnic-dresses/pristyle/pristyle-floral-printed-round-neck-fit--flare-midi-maternity-ethnic-dress/32267189/buy
Floral Printed Ethnic Dress,Sangria,₹719,3.1 | 14 Ratings,14 Ratings,₹719 MRP ₹2999(76% OFF),Midi,V-Neck,,,A-Line,"XS, S, M, L, XL, XXL",4,No,Polyester,https://www.myntra.com/ethnic-dresses/sangria/sangria-floral-printed-ethnic-dress/31624983/buy
Women Floral Printed Ethnic Dress,Bachuu,₹426,3.8 | 35 Ratings,35 Ratings,₹426 MRP ₹1999(79% OFF),Maxi,Round Neck,,Regular Sleeves,A-Line,"S, M",4,No,Viscose Rayon,https://www.myntra.com/ethnic-dresses/bachuu/bachuu-women-floral-printed-ethnic-dress/21503512/buy
Floral Printed Ruffles Fit & Flare Maxi Ethnic Dress,KALINI,₹1300,4.8 | 17 Ratings,17 Ratings,₹1300 MRP ₹7999(84% OFF),Maxi,V-Neck,,Regular Sleeves,Maxi,"XS, S, M, L, XL, XXL, 3XL, 4XL, 5XL, 6XL, 7XL",4,No,Viscose Rayon,https://www.myntra.com/ethnic-dresses/kalini/kalini-floral-printed-ruffles-fit--flare-maxi-ethnic-dress/25941226/buy
Pure Cotton Floral Printed V-Neck Tie-Ups Mirror Work A-Line Sanganeri Ethnic Dress,Taavi,₹1536,4.3 | 26 Ratings,26 Ratings,₹1536 MRP ₹5299(71% OFF),Midi,V-Neck,Three-Quarter Sleeves,Regular Sleeves,A-Line,"XS, S, M, L, XL",3,Yes,Cotton,https://www.myntra.com/ethnic-dresses/taavi/taavi-pure-cotton-floral-printed-v-neck-tie-ups-mirror-work-a-line-sanganeri-ethnic-dress/36500138/buy
Floral Embroidered Maxi Pure Cotton Ethnic Dress,Divena,₹1399,4.2 | 50 Ratings,50 Ratings,₹1399 MRP ₹3999(65% OFF),Maxi,Round Neck,Three-Quarter Sleeves,Regular Sleeves,Maxi,"XS
Rs. 1399, S
Rs. 1399, M
Rs. 1399, L
Rs. 1399, XL
Rs. 1399, XXL
Rs. 1399, 3XL
Rs. 1528, 5XL
Rs. 1528, 6XL
Rs. 1528",4,No,Cotton,https://www.myntra.com/ethnic-dresses/divena/divena-floral-embroidered-maxi-pure-cotton-ethnic-dress/24825720/buy
Yellow & Pink Floral Embroidered Ethnic Maxi Dress,Ethnovog,₹6339,,,₹6339 MRP ₹12247(48% OFF),Maxi,Round Neck,,,Maxi,"XS, S, XXL",4,No,Poly Silk,https://www.myntra.com/ethnic-dresses/ethnovog/ethnovog-yellow--pink-floral-embroidered-ethnic-maxi-dress/21232980/buy
Maroon & Black Floral Ethnic Maxi Dress,Vishudh,₹395,4.2 | 710 Ratings,710 Ratings,₹395 MRP ₹1799(78% OFF),Maxi,V-Neck,Three-Quarter Sleeves,Regular Sleeves,Maxi,S,3,No,Viscose Rayon,https://www.myntra.com/ethnic-dresses/vishudh/vishudh-maroon--black-floral-ethnic-maxi-dress/15637670/buy
Women Floral Embroidered Ethnic Dress,Sangria,₹1460,,,₹1460 MRP ₹4399(67% OFF),Maxi,Round Neck,,Regular Sleeves,Maxi,"S, M, L, XL, XXL",4,No,"Silk, Polyester",https://www.myntra.com/ethnic-dresses/sangria/sangria-women-floral-embroidered-ethnic-dress/36880465/buy
Floral Printed Maternity Ethnic Dress,True Shape,₹684,4.2 | 264 Ratings,264 Ratings,₹684 MRP ₹2699(75% OFF),Midi,Round Neck,Three-Quarter Sleeves,Regular Sleeves,,"M, L, XL, XXL, 3XL",4,No,Cotton,https://www.myntra.com/ethnic-dresses/true+shape/true-shape-floral-printed-maternity-ethnic-dress/23972976/buy
Floral Printed Cotton Anarkali Maternity Dress,MURLI KURTI,₹495,4.1 | 2.1k Ratings,2.1k Ratings,₹495 MRP ₹2949(83% OFF),Maxi,Round Neck,Three-Quarter Sleeves,Regular Sleeves,,"M, L, XL, XXL",4,No,Cotton,https://www.myntra.com/ethnic-dresses/murli+kurti/murli-kurti-floral-printed-cotton-anarkali-maternity-dress/30742492/buy
Women Floral Printed V-Neck Empire Ethnic Dress,CTMTEX,₹490,4.1 | 367 Ratings,367 Ratings,₹490 MRP ₹2999(84% OFF),Maxi,V-Neck,,,,"S, M, L, XL, XXL, 3XL",4,No,Cotton,https://www.myntra.com/ethnic-dresses/ctmtex/ctmtex-women-floral-printed-v-neck-empire-ethnic-dress/32183561/buy
Plus Size Floral Print Crepe Layered A-line Maxi Ethnic Dress,A PLUS BY AHALYAA,₹1674,4.1 | 804 Ratings,804 Ratings,₹1674 MRP ₹5600(70% OFF),Maxi,V-Neck,Three-Quarter Sleeves,Regular Sleeves,A-Line,"3XL, 4XL, 5XL, 6XL, 7XL",3,No,Crepe,https://www.myntra.com/ethnic-dresses/a+plus+by+ahalyaa/a-plus-by-ahalyaa-plus-size-floral-print-crepe-layered-a-line-maxi-ethnic-dress/23853060/buy
Green & Pink Cotton Floral Ethnic Dress,GULAB CHAND TRENDS,₹734,4.4 | 367 Ratings,367 Ratings,₹734 MRP ₹2999(76% OFF),Midi,V-Neck,,Regular Sleeves,,XXL,3,No,Cotton,https://www.myntra.com/ethnic-dresses/gulab+chand+trends/gulab-chand-trends-green--pink-cotton-floral-ethnic-dress/20860938/buy
Floral Printed Tiered Fit & Flare Ethnic Dresses,KASYA,₹894,4.6 | 209 Ratings,209 Ratings,₹894 MRP ₹3113(71% OFF),Midi,Shoulder Straps,,,,"XS, S, M, L, XL, XXL",3,No,Viscose Rayon,https://www.myntra.com/ethnic-dresses/kasya/kasya-floral-printed-tiered-fit--flare-ethnic-dresses/29407270/buy
White Floral Embroidered Ethnic Dress,KALINI,MRP₹ 3599,4.1 | 24 Ratings,24 Ratings,MRP₹ 3599,Knee Length,Round Neck,Three-Quarter Sleeves,Regular Sleeves,,"S, XL, XXL",4,No,Cotton,https://www.myntra.com/ethnic-dresses/kalini/kalini-white-floral-embroidered-ethnic-dress/19041586/buy
Women Floral Zari and Sequinned Embroidered Fit and Flare Dress,Sangria,₹1751,4.2 | 206 Ratings,206 Ratings,₹1751 MRP ₹4799(64% OFF),Maxi,V-Neck,,,Maxi,"XS, M, XL, XXL",3,No,Georgette,https://www.myntra.com/ethnic-dresses/sangria/sangria-women-floral-zari-and-sequinned-embroidered-fit-and-flare-dress/26862720/buy
Floral Printed Maxi Ethnic Dress,Biba,₹1039,4.1 | 62 Ratings,62 Ratings,₹1039 MRP ₹2599(60% OFF),Maxi,Round Neck,,Regular Sleeves,Maxi,"S, M, L, XL, XXL",4,Yes,Polyester,https://www.myntra.com/ethnic-dresses/biba/biba-floral-printed-maxi-ethnic-dress/25073006/buy
Floral Printed Cotton Anarkali Maternity Dress,MURLI KURTI,₹495,4 | 1.4k Ratings,1.4k Ratings,₹495 MRP ₹2949(83% OFF),Maxi,Round Neck,Three-Quarter Sleeves,Regular Sleeves,,"M, L, XL, XXL",3,No,Cotton,https://www.myntra.com/ethnic-dresses/murli+kurti/murli-kurti-floral-printed-cotton-anarkali-maternity-dress/30742681/buy
Floral Ethnic A-Line Maxi Ethnic Dress,Gerua By Libas,₹439,4.2 | 226 Ratings,226 Ratings,₹439 MRP ₹2699(84% OFF),Maxi,Round Neck,Three-Quarter Sleeves,Regular Sleeves,A-Line,XS,3,No,Silk,https://www.myntra.com/ethnic-dresses/gerua+by+libas/gerua-by-libas-floral-ethnic-a-line-maxi-ethnic-dress/21325200/buy
FOXDX Women Floral Embroidered Anarkali Ethnic Dress,FoxDX,₹891,4.4 | 287 Ratings,287 Ratings,₹891 MRP ₹4999(82% OFF),Maxi,Sweetheart Neck,,,Maxi,M,4,No,Georgette,https://www.myntra.com/ethnic-dresses/foxdx/foxdx-women-floral-embroidered-anarkali-ethnic-dress/38451535/buy
Floral Embroidered A-Line Maxi Ethnic Dresses,Inddus,₹1606,4.2 | 194 Ratings,194 Ratings,₹1606 MRP ₹4699(66% OFF),Maxi,Round Neck,Short Sleeves,,A-Line,"XS, S, M, L, XL, XXL",3,No,Net,https://www.myntra.com/ethnic-dresses/inddus/inddus-floral-embroidered--a-line-maxi-ethnic-dresses/30659051/buy
Floral Printed Pure Cotton Fit & Flare Midi Dress,Rain & Rainbow,₹1147,4.4 | 279 Ratings,279 Ratings,₹1147 MRP ₹2995(62% OFF),Midi,Mandarin Collar,Three-Quarter Sleeves,Regular Sleeves,,"S, M, L, XL, XXL",3,No,Cotton,https://www.myntra.com/ethnic-dresses/rain+%26+rainbow/rain--rainbow-floral-printed-pure-cotton-fit--flare-midi-dress/29918666/buy
Floral Printed A-Line Maxi Ethnic Dress With Belt,anayna,₹1497,4.5 | 3.7k Ratings,3.7k Ratings,₹1497 MRP ₹4898(69% OFF),Maxi,V-Neck,Three-Quarter Sleeves,Regular Sleeves,A-Line,"XS, S, M, L, XL, XXL, 3XL",3,No,Cotton,https://www.myntra.com/ethnic-dresses/anayna/anayna-floral-printed-a-line-maxi-ethnic-dress-with-belt/30745318/buy
Women Floral Printed Empire Ethnic Dress,Ahalyaa,₹1214,3.9 | 769 Ratings,769 Ratings,₹1214 MRP ₹5300(77% OFF),Midi,V-Neck,,,,"XS, S, M, L, XL, XXL",3,No,Crepe,https://www.myntra.com/ethnic-dresses/ahalyaa/ahalyaa-women-floral-printed-empire-ethnic-dress/23814298/buy
Maroon Gold Floral Maxi Ethnic Dress Cut-Out with Tassels,Ethnovog,₹2513,,,₹2513 MRP ₹6168(59% OFF),Maxi,Boat Neck,Three-Quarter Sleeves,,Maxi,"XS, M, XL, 3XL",4,No,Viscose Rayon,https://www.myntra.com/ethnic-dresses/ethnovog/ethnovog-maroon--gold-floral-maxi-ethnic-dress-cut-out-with-tassels/19791600/buy
Floral Printed Round Neck Zipless Maternity Ethnic Dresses,RITIJYA,₹681,3.4 | 19 Ratings,19 Ratings,₹681 MRP ₹2999(77% OFF),Midi,Round Neck,Three-Quarter Sleeves,Regular Sleeves,Maxi,"S, M, L, XL, XXL, 3XL, 4XL",4,No,"Viscose Rayon, Viscose Rayon, Viscose Rayon",https://www.myntra.com/ethnic-dresses/ritijya/ritijya-floral-printed-round-neck-zipless-maternity-ethnic-dresses/32572538/buy
Floral Printed Puff Sleeves Knee Length Fit & Flare Dress,PINK VYBE,₹499,,,₹499 MRP ₹1999(75% OFF),Three-Quarter Sleeves,,Three-Quarter Sleeves,,,"S, M, L, XL, XXL",4,No,"blue and white dress
floral printed
fit & flare shaped
mandarin collar
three-quarter, puff sleeves
gathered or pleated detail
knee length length in flared hem
button closure",https://www.myntra.com/ethnic-dresses/pink+vybe/pink-vybe-floral-printed-puff-sleeves-knee-length-fit--flare-dress/37636192/buy
Floral Embroidered Maxi Ethnic Dress With Dupatta,SAPTRANGI,₹18558,,,₹18558 MRP ₹34999(47% OFF),Maxi,,Short Sleeves,,Maxi,S,4,No,Satin,https://www.myntra.com/ethnic-dresses/saptrangi/saptrangi-floral-embroidered-maxi-ethnic-dress-with-dupatta-/33625139/buy
Women Fuchsia Floral Embroidered Ethnic Dress,Sangria,₹1404,,,₹1404 MRP ₹4299(67% OFF),Maxi,Round Neck,Three-Quarter Sleeves,,,"S, M, L, XL, XXL",4,No,"Silk, Polyester",https://www.myntra.com/ethnic-dresses/sangria/sangria-women-fuchsia-floral-embroidered-ethnic-dress/36880460/buy
Floral Printed Ethnic Dress,Krunal Raiyani,₹798,,,₹798 MRP ₹1999(60% OFF),Maxi,Round Neck,,Regular Sleeves,,"S, M, L, XL, XXL",4,No,Crepe,https://www.myntra.com/ethnic-dresses/krunal+raiyani/krunal-raiyani-floral-printed-ethnic-dress/40218695/buy
Pink & light gray Floral Ethnic Midi Dress,RANGMANCH BY PANTALOONS,₹2469,,,₹2469 MRP ₹3799(35% OFF),Midi,Round Neck,,Regular Sleeves,,M,4,No,Poly Silk,https://www.myntra.com/ethnic-dresses/rangmanch+by+pantaloons/rangmanch-by-pantaloons-pink--light-gray-floral-ethnic-midi-dress/18807184/buy
Batik Floral Dyed Mandarin Collar Gathered Pure Cotton A-Line Ethnic Dresses,Taavi,₹1139,,,₹1139 MRP ₹3799(70% OFF),Above Knee,Mandarin Collar,,,A-Line,"XS, S, M, L, XL",4,No,Cotton,https://www.myntra.com/ethnic-dresses/taavi/taavi-batik-floral-dyed-mandarin-collar-gathered-pure-cotton-a-line-ethnic-dresses/37948506/buy
Women Floral Printed V-Neck Empire Ethnic Dress,CTMTEX,₹490,4.1 | 364 Ratings,364 Ratings,₹490 MRP ₹2999(84% OFF),Maxi,V-Neck,,,,"S, M, L, XL, XXL, 3XL",4,No,Cotton,https://www.myntra.com/ethnic-dresses/ctmtex/ctmtex-women-floral-printed-v-neck-empire-ethnic-dress/32183558/buy
Floral Embroidered Maxi Ethnic Dress With Dupatta,SAPTRANGI,₹18558,,,₹18558 MRP ₹34999(47% OFF),Maxi,,Short Sleeves,,Maxi,S,4,No,Satin,https://www.myntra.com/ethnic-dresses/saptrangi/saptrangi-floral-embroidered-maxi-ethnic-dress-with-dupatta-/33625154/buy
Floral Embroidered Maxi Ethnic Dress With Dupatta,SAPTRANGI,₹18558,,,₹18558 MRP ₹34999(47% OFF),Maxi,,Short Sleeves,,Maxi,S,4,No,Satin,https://www.myntra.com/ethnic-dresses/saptrangi/saptrangi-floral-embroidered-maxi-ethnic-dress-with-dupatta-/33625150/buy
Floral Printed Gathered or Pleated Cotton A-Line Ethnic Dress,MURLI KURTI,₹497,4 | 1.4k Ratings,1.4k Ratings,₹497 MRP ₹2949(83% OFF),Midi,Round Neck,Three-Quarter Sleeves,Regular Sleeves,A-Line,"M, L, XL, XXL",3,No,Cotton,https://www.myntra.com/ethnic-dresses/murli+kurti/murli-kurti-floral-printed-gathered-or-pleated-cotton-a-line-ethnic-dress/30742519/buy
Floral Printed A-Line Angrakha Cotton Ethnic Dress,Sangria,₹792,3.9 | 8 Ratings,8 Ratings,₹792 MRP ₹4999(84% OFF),Knee Length,V-Neck,,Regular Sleeves,A-Line,"S, M, L, XL, XXL",4,No,Cotton,https://www.myntra.com/ethnic-dresses/sangria/sangria-floral-printed-a-line-angrakha-cotton-ethnic-dress/28159260/buy
Women Green & Maroon Sequinned Floral Printed Ethnic Maxi Dress,W,₹2560,4.1 | 114 Ratings,114 Ratings,₹2560 MRP ₹3999(36% OFF),Maxi,Round Neck,Three-Quarter Sleeves,Regular Sleeves,Maxi,"XS, S",4,No,"Viscose Rayon, Polyester",https://www.myntra.com/ethnic-dresses/w/w-women-green--maroon-sequinned-floral-printed-ethnic-maxi-dress/19642552/buy
Floral-Printed Knitted Midi Ethnic Dresses,Rain & Rainbow,₹1350,4.7 | 64 Ratings,64 Ratings,₹1350 MRP ₹4995(73% OFF),Midi,Shoulder Straps,,Regular Sleeves,,"S, M, L, XL",4,No,Viscose Rayon,https://www.myntra.com/ethnic-dresses/rain+%26+rainbow/rain--rainbow-floral-printed-knitted-midi-ethnic-dresses/35905991/buy
Floral Printed Ethnic Dress,Krunal Raiyani,₹798,,,₹798 MRP ₹1999(60% OFF),Maxi,Round Neck,,Regular Sleeves,,"S, M, L, XL, XXL",4,No,Crepe,https://www.myntra.com/ethnic-dresses/krunal+raiyani/krunal-raiyani-floral-printed-ethnic-dress/40218696/buy
Floral Print Cotton A-Line Ethnic Dress,Sangria,₹699,4.1 | 112 Ratings,112 Ratings,₹699 MRP ₹2799(75% OFF),Above Knee,Round Neck,,Regular Sleeves,,"XS, S, M, L, XL, XXL",3,Yes,Cotton,https://www.myntra.com/ethnic-dresses/sangria/sangria-floral-print-cotton-a-line-ethnic-dress/32076375/buy
Floral Printed Tiered Ethnic Dress,Janasya,₹875,3.9 | 34 Ratings,34 Ratings,₹875 MRP ₹2689(67% OFF),Midi,Sweetheart Neck,Three-Quarter Sleeves,Regular Sleeves,,"XS, S, M, L, XL, XXL",4,No,Georgette,https://www.myntra.com/ethnic-dresses/janasya/janasya-floral-printed-tiered-ethnic-dress/33476906/buy
Floral Embroidered Georgette A Line Dress,KALINI,₹1359,4.3 | 55 Ratings,55 Ratings,₹1359 MRP ₹7999(83% OFF),Maxi,Round Neck,Three-Quarter Sleeves,Regular Sleeves,A-Line,"S
Rs. 1352, M
Rs. 1359, L
Rs. 1359, XL
Rs. 1359, XXL
Rs. 1359",3,No,Georgette,https://www.myntra.com/ethnic-dresses/kalini/kalini-floral-embroidered-georgette-a-line-dress/31240681/buy
Floral Printed Maternity A-Line Midi Ethnic Dress,MURLI KURTI,₹497,4.1 | 2.1k Ratings,2.1k Ratings,₹497 MRP ₹2949(83% OFF),Midi,Round Neck,Three-Quarter Sleeves,Regular Sleeves,A-Line,"M, L, XL, XXL",4,No,Viscose Rayon,https://www.myntra.com/ethnic-dresses/murli+kurti/murli-kurti-floral-printed-maternity-a-line-midi-ethnic-dress/30742507/buy
Floral Printed Fit & Flared Maxi Dress,Chandbaali,₹1356,3.8 | 29 Ratings,29 Ratings,₹1356 MRP ₹8799(85% OFF),Maxi,Round Neck,,,Maxi,"S, M, L, XL, XXL",4,No,Viscose Rayon,https://www.myntra.com/ethnic-dresses/chandbaali/chandbaali-floral-printed-fit--flared-maxi-dress/33063332/buy
Floral Printed Maternity Ethnic Dress,True Shape,₹684,4.2 | 267 Ratings,267 Ratings,₹684 MRP ₹2699(75% OFF),Midi,Round Neck,Three-Quarter Sleeves,Regular Sleeves,,"M, L, XL, XXL, 3XL",4,No,Cotton,https://www.myntra.com/ethnic-dresses/true+shape/true-shape-floral-printed-maternity-ethnic-dress/23972954/buy
Women Floral Printed Ethnic Dress,KALINI,₹869,4.5 | 6 Ratings,6 Ratings,₹869 MRP ₹4699(82% OFF),Midi,Round Neck,Three-Quarter Sleeves,,,"S, M, L, XL, XXL, 3XL, 4XL, 5XL",4,No,Cotton,https://www.myntra.com/ethnic-dresses/kalini/kalini-women-floral-printed-ethnic-dress/36903625/buy
Grey & Blue Floral Ethnic Maxi Dress,KALINI,MRP₹ 3599,3.8 | 45 Ratings,45 Ratings,MRP₹ 3599,Maxi,Round Neck,,Regular Sleeves,Maxi,M,4,No,Viscose Rayon,https://www.myntra.com/ethnic-dresses/kalini/kalini-grey--blue-floral-ethnic-maxi-dress/19041562/buy
Floral Embroidered Round Neck Gathered Georgette Fit & Flare Maxi Ethnic Dress,KALINI,₹1359,4.3 | 521 Ratings,521 Ratings,₹1359 MRP ₹7999(83% OFF),Maxi,Round Neck,,Regular Sleeves,Maxi,"S, M, L, XL, XXL",3,No,Georgette,https://www.myntra.com/ethnic-dresses/kalini/kalini-floral-embroidered-round-neck-gathered-georgette-fit--flare-maxi-ethnic-dress/31209169/buy
Floral Printed Ruffles Fit & Flare Maxi Dress,anayna,₹1503,4.5 | 432 Ratings,432 Ratings,₹1503 MRP ₹5998(75% OFF),Maxi,,,,Maxi,"XS, S, M, L, XL, XXL, 3XL",3,No,Cotton,https://www.myntra.com/ethnic-dresses/anayna/anayna-floral-printed-ruffles-fit--flare-maxi-dress/22306142/buy
Magenta Floral Ethnic Maxi Dress,WISHFUL,₹4440,3.2 | 17 Ratings,17 Ratings,₹4440 MRP ₹6999(37% OFF),Maxi,Tie-Up Neck,Three-Quarter Sleeves,Regular Sleeves,Maxi,"XS, S, M, L",4,No,Georgette,https://www.myntra.com/ethnic-dresses/wishful/wishful-magenta-floral-ethnic-maxi-dress/20628050/buy
Women Floral Embroidered Ethnic Dress,Sangria,₹1359,4.3 | 126 Ratings,126 Ratings,₹1359 MRP ₹4099(67% OFF),Maxi,Round Neck,,Regular Sleeves,Maxi,"S, M, L, XL, XXL",3,No,"Polyester, Silk",https://www.myntra.com/ethnic-dresses/sangria/sangria-women-floral-embroidered-ethnic-dress/36880462/buy
Floral Printed Round Neck Cotton Maternity Maxi Ethnic Dresses,MURLI KURTI,₹536,4.2 | 118 Ratings,118 Ratings,₹536 MRP ₹2949(82% OFF),Maxi,Round Neck,,,Maxi,"M, L, XL, XXL",4,No,Cotton,https://www.myntra.com/ethnic-dresses/murli+kurti/murli-kurti-floral-printed-round-neck-cotton-maternity-maxi-ethnic-dresses/30748844/buy
Girls Floral & Sequinned Embroidered Ethnic Dress,Inddus,₹1879,4.6 | 24 Ratings,24 Ratings,₹1879 MRP ₹4699(60% OFF),Maxi,V-Neck,,,A-Line,10Y,4,No,Georgette,https://www.myntra.com/ethnic-dresses/inddus/inddus-girls-floral--sequinned-embroidered-ethnic-dress/34362648/buy
Floral Printed Round Neck Cotton Fit and Flare Maternity Ethnic Dress,MURLI KURTI,₹495,4.2 | 500 Ratings,500 Ratings,₹495 MRP ₹2949(83% OFF),Maxi,Round Neck,Three-Quarter Sleeves,Regular Sleeves,,"M, L, XL, XXL",4,No,Cotton,https://www.myntra.com/ethnic-dresses/murli+kurti/murli-kurti-floral-printed-round-neck-cotton-fit-and-flare-maternity-ethnic-dress/30742610/buy
Mustard Yellow & Red Floral Layered Ethnic Maxi Dress,HELLO DESIGN,₹625,4.1 | 69 Ratings,69 Ratings,₹625 MRP ₹2199(72% OFF),Maxi,,Three-Quarter Sleeves,Regular Sleeves,Maxi,"S, M, L, XL",4,No,Cotton,https://www.myntra.com/ethnic-dresses/hello+design/hello-design-mustard-yellow--red-floral-layered-ethnic-maxi-dress/17564482/buy
Beige Floral Print Maxi Ethnic Dress,W,₹2449,4.1 | 94 Ratings,94 Ratings,₹2449 MRP ₹4999(51% OFF),Maxi,Round Neck,Three-Quarter Sleeves,Regular Sleeves,Maxi,"XS
Rs. 2449, S
Rs. 2449, M
Rs. 2449, XXL
Rs. 2600",3,No,Viscose Rayon,https://www.myntra.com/ethnic-dresses/w/w-beige-floral-print-maxi-ethnic-dress/22627496/buy
Women Floral Printed Pure Cotton Maternity Ethnic Dresses,Tulsiram,₹549,4 | 177 Ratings,177 Ratings,₹549 MRP ₹2499(78% OFF),Maxi,Round Neck,Three-Quarter Sleeves,Regular Sleeves,A-Line,"M, L, XL, XXL",4,No,Cotton,https://www.myntra.com/ethnic-dresses/tulsiram/tulsiram-women-floral-printed-pure-cotton-maternity-ethnic-dresses/32396176/buy
Navy Blue & White Floral Ethnic Maxi Dress,Sangria X fwd,₹365,4.1 | 54 Ratings,54 Ratings,₹365 MRP ₹1899(81% OFF),Maxi,Round Neck,,,,"XS, S",3,No,Viscose Rayon,https://www.myntra.com/ethnic-dresses/sangria+x+fwd/sangria-x-fwd--navy-blue--white-floral-ethnic-maxi-dress/19033174/buy
Floral Printed Tiered Ethnic Dress,Janasya,₹875,4 | 5 Ratings,5 Ratings,₹875 MRP ₹3748(77% OFF),Midi,Square Neck,Three-Quarter Sleeves,Regular Sleeves,,XS,3,Yes,Georgette,https://www.myntra.com/ethnic-dresses/janasya/janasya-floral-printed-tiered-ethnic-dress/33476932/buy
Floral Printed Maxi Ethnic Dress,MADHURAM,₹994,4.3 | 89 Ratings,89 Ratings,₹994 MRP ₹6999(86% OFF),Maxi,Round Neck,,Regular Sleeves,Maxi,"S, M",3,No,Viscose Rayon,https://www.myntra.com/ethnic-dresses/madhuram/madhuram-floral-printed-maxi-ethnic-dress/28778032/buy
Women Floral Printed Anarkali Ethnic Dress,NANERA,₹434,2.4 | 7 Ratings,7 Ratings,₹434 MRP ₹1215(64% OFF),Midi,Round Neck,Three-Quarter Sleeves,Regular Sleeves,,"S, M, L, XL, XXL, 3XL, 4XL",4,No,Viscose Rayon,https://www.myntra.com/ethnic-dresses/nanera/nanera-women-floral-printed-anarkali-ethnic-dress/36649660/buy
Floral Printed Round Neck Cotton Fit & Flare Maternity Midi Dress,MURLI KURTI,₹499,4.1 | 2.1k Ratings,2.1k Ratings,₹499 MRP ₹2949(83% OFF),Maxi,Round Neck,Three-Quarter Sleeves,Regular Sleeves,,"M, L, XL, XXL",4,No,Cotton,https://www.myntra.com/ethnic-dresses/murli+kurti/murli-kurti-floral-printed-round-neck-cotton-fit--flare-maternity-midi-dress/30742607/buy
Floral Printed Maternity Fit & Flare Pure Cotton Midi Ethnic Dress,MURLI KURTI,₹498,4.5 | 11 Ratings,11 Ratings,₹498 MRP ₹2949(83% OFF),Midi,Round Neck,Three-Quarter Sleeves,Regular Sleeves,,"M, L, XL, XXL, 3XL",4,No,Cotton,https://www.myntra.com/ethnic-dresses/murli+kurti/murli-kurti-floral-printed-maternity-fit--flare-pure-cotton-midi-ethnic-dress/37354598/buy
Floral Printed A-Line Dress,Sangria,₹836,,,₹836 MRP ₹2699(69% OFF),Knee Length,Shirt Collar,Short Sleeves,,A-Line,"XS, S, M, L, XL, XXL",4,No,Viscose Rayon,https://www.myntra.com/ethnic-dresses/sangria/sangria-floral-printed-a-line-dress/39981958/buy
Floral Embroidered Georgette Maxi Fit and Flare Ethnic Dress,KALINI,₹1359,4.3 | 517 Ratings,517 Ratings,₹1359 MRP ₹7999(83% OFF),Maxi,Round Neck,,Regular Sleeves,Maxi,"S, M, L, XL, XXL",4,No,Georgette,https://www.myntra.com/ethnic-dresses/kalini/kalini-floral-embroidered-georgette-maxi-fit-and-flare-ethnic-dress/31209154/buy
Kalamkari Indie Floral Printed Pure Cotton A-line Ethnic Dress with Jacket,Taavi,₹1589,,,₹1589 MRP ₹5299(70% OFF),Knee Length,Square Neck,,,A-Line,"XS, S, M, L, XL, XXL",4,Yes,Cotton,https://www.myntra.com/ethnic-dresses/taavi/taavi-kalamkari-indie-floral-printed-pure-cotton-a-line-ethnic-dress-with-jacket/36500013/buy
Floral Printed Gathered or Pleated Cotton A-Line Ethnic Dress,MURLI KURTI,₹495,4.1 | 60 Ratings,60 Ratings,₹495 MRP ₹2949(83% OFF),Midi,Round Neck,Three-Quarter Sleeves,Regular Sleeves,A-Line,"M, L, XL, XXL",4,No,Cotton,https://www.myntra.com/ethnic-dresses/murli+kurti/murli-kurti-floral-printed-gathered-or-pleated-cotton-a-line-ethnic-dress/30742466/buy
Pink Floral Ethnic Maxi Dress,Ethnovog,MRP₹ 3559,3.3 | 6 Ratings,6 Ratings,MRP₹ 3559,Maxi,Boat Neck,,Regular Sleeves,Maxi,S,4,No,Cotton,https://www.myntra.com/ethnic-dresses/ethnovog/ethnovog-pink-floral-ethnic-maxi-dress/14976092/buy
Women Floral Printed Maxi Dress,anayna,₹894,4.5 | 41.3k Ratings,41.3k Ratings,₹894 MRP ₹2698(67% OFF),Maxi,Round Neck,,,Maxi,"XS, S, M, L, XL, XXL, 3XL",3,No,Cotton,https://www.myntra.com/ethnic-dresses/anayna/anayna-women-floral-printed-maxi-dress/26972212/buy
Floral Printed Bagru Ethnic Dress,Taavi,₹1518,4.4 | 34 Ratings,34 Ratings,₹1518 MRP ₹4899(69% OFF),Midi,,Three-Quarter Sleeves,,,"XS, S, M, XL",3,Yes,Cotton,https://www.myntra.com/ethnic-dresses/taavi/taavi-floral-printed-bagru-ethnic-dress/36499995/buy
Women Floral Embroidered Sequined Thread Cording Maxi Gown Ethnic Dress,Sangria,₹1600,4.1 | 352 Ratings,352 Ratings,₹1600 MRP ₹4849(67% OFF),Maxi,Round Neck,Three-Quarter Sleeves,Regular Sleeves,,"S, L, XL, XXL, 3XL",4,No,Silk,https://www.myntra.com/ethnic-dresses/sangria/sangria-women-floral-embroidered-sequined-thread-cording-maxi-gown-ethnic-dress/37716005/buy
Women Maternity Plus Size Floral Printed Flared Cotton Ethnic Dress,Vaidiki,₹580,4.6 | 29 Ratings,29 Ratings,₹580 MRP ₹1599(64% OFF),Maxi,Round Neck,,Regular Sleeves,Maxi,"5XL, 6XL, 7XL, 8XL",4,No,Cotton,https://www.myntra.com/ethnic-dresses/vaidiki/vaidiki-women-maternity-plus-size-floral-printed-flared-cotton-ethnic-dress/34431759/buy
Floral Printed Round Neck Fit and Flare Cotton Ethnic Dresses,MURLI KURTI,₹499,4 | 1.4k Ratings,1.4k Ratings,₹499 MRP ₹2949(83% OFF),Maxi,Round Neck,Three-Quarter Sleeves,Regular Sleeves,,"M, L, XL, XXL",3,No,Cotton,https://www.myntra.com/ethnic-dresses/murli+kurti/murli-kurti-floral-printed-round-neck-fit-and-flare-cotton-ethnic-dresses/30742823/buy
Floral Printed Round Neck Cotton Fit and Flare Maternity Ethnic Dress,MURLI KURTI,₹497,4.1 | 2.1k Ratings,2.1k Ratings,₹497 MRP ₹2949(83% OFF),Maxi,Round Neck,Three-Quarter Sleeves,Regular Sleeves,,"M, L, XL, XXL",3,No,Cotton,https://www.myntra.com/ethnic-dresses/murli+kurti/murli-kurti-floral-printed-round-neck-cotton-fit-and-flare-maternity-ethnic-dress/30742567/buy
Floral Printed Fit & Flare Midi Ethnic Dresses,Shae by SASSAFRAS,₹1471,4.3 | 1.1k Ratings,1.1k Ratings,₹1471 MRP ₹3199(54% OFF),Midi,V-Neck,Three-Quarter Sleeves,Regular Sleeves,,"XS, S, L, XL",3,No,Poly Silk,https://www.myntra.com/ethnic-dresses/shae+by+sassafras/shae-by-sassafras-floral-printed-fit--flare-midi-ethnic-dresses/25052808/buy
Floral Printed Cotton A-Line Ethnic Dress,GULMOHAR JAIPUR,₹928,4 | 243 Ratings,243 Ratings,₹928 MRP ₹1999(54% OFF),Midi,Round Neck,,Regular Sleeves,A-Line,"S, M, L, XL, XXL",4,No,Cotton,https://www.myntra.com/ethnic-dresses/gulmohar+jaipur/gulmohar-jaipur-floral-printed-cotton-a-line-ethnic-dress/28162616/buy
Women Floral Thread Embroidered Ethnic Dress,Inddus,₹1596,4.3 | 73 Ratings,73 Ratings,₹1596 MRP ₹4199(62% OFF),Maxi,V-Neck,,,,XS,4,No,Net,https://www.myntra.com/ethnic-dresses/inddus/inddus-women-floral-thread-embroidered-ethnic-dress/40815096/buy
Purple & Gold-Toned Floral Jacquard Self-Belt Maxi Dress,Shae by SASSAFRAS,₹1224,4.3 | 1.7k Ratings,1.7k Ratings,₹1224 MRP ₹2498(51% OFF),Maxi,,,,Maxi,"XS
Rs. 1224, S
Rs. 1224, M
Rs. 1224, L
Rs. 1224, XL
Rs. 999, XXL
Rs. 1224",3,No,Jacquard,https://www.myntra.com/ethnic-dresses/shae+by+sassafras/shae-by-sassafras-purple--gold-toned-floral-jacquard-self-belt-maxi-dress/15194498/buy
Floral Printed Maxi Ethnic Dress,Ethnovog,₹3359,,,₹3359 MRP ₹8452(60% OFF),Maxi,,,,Maxi,"XS, S",4,No,Georgette,https://www.myntra.com/ethnic-dresses/ethnovog/ethnovog-floral-printed-maxi-ethnic-dress/23781922/buy
Floral Printed Round Neck Gathered Fit & Flare Cotton Maternity Ethnic Dress,MURLI KURTI,₹495,4.1 | 163 Ratings,163 Ratings,₹495 MRP ₹2949(83% OFF),Midi,Round Neck,Three-Quarter Sleeves,Regular Sleeves,,"M, L, XL, XXL",4,No,Cotton,https://www.myntra.com/ethnic-dresses/murli+kurti/murli-kurti-floral-printed-round-neck-gathered-fit--flare-cotton-maternity-ethnic-dress/30742834/buy
Floral Printed Maxi Dresses,KALINI,₹1183,3.1 | 50 Ratings,50 Ratings,₹1183 MRP ₹3199(63% OFF),Maxi,Sweetheart Neck,,,,"S, M, L, XL, XXL",4,No,Cotton,https://www.myntra.com/ethnic-dresses/kalini/kalini-floral-printed-maxi-dresses/35410769/buy
Floral Printed Pure Cotton A-Line Indigo Craft Ethnic Dress,Taavi,₹1289,4.1 | 8 Ratings,8 Ratings,₹1289 MRP ₹4299(70% OFF),Midi,Square Neck,,,A-Line,"XS, S, M, L, XL, XXL",4,Yes,Cotton,https://www.myntra.com/ethnic-dresses/taavi/taavi-floral-printed-pure-cotton-a-line-indigo-craft-ethnic-dress/36500143/buy
Floral Printed Maternity Ethnic Dress,True Shape,₹684,4.2 | 268 Ratings,268 Ratings,₹684 MRP ₹2699(75% OFF),Midi,Round Neck,Three-Quarter Sleeves,Regular Sleeves,,"M, L, XL, XXL, 3XL",4,No,Cotton,https://www.myntra.com/ethnic-dresses/true+shape/true-shape-floral-printed-maternity-ethnic-dress/23972964/buy
Indie Floral Foil Printed Gathers V-Neck A-Line Rogan Crafted Ethnic Dress,Taavi,₹923,4.4 | 5 Ratings,5 Ratings,₹923 MRP ₹3299(72% OFF),Midi,V-Neck,,,A-Line,"XS, S, M, L, XL",4,No,Cotton,https://www.myntra.com/ethnic-dresses/taavi/taavi-indie-floral-foil-printed-gathers-v-neck-a-line-rogan-crafted-ethnic-dress/36500085/buy
Floral Printed Round Neck Maternity Cotton Fit and Flare Dress,MURLI KURTI,₹495,4.1 | 164 Ratings,164 Ratings,₹495 MRP ₹2949(83% OFF),Midi,Round Neck,Three-Quarter Sleeves,Regular Sleeves,,"M, L, XL, XXL, 3XL",4,Yes,Cotton,https://www.myntra.com/ethnic-dresses/murli+kurti/murli-kurti-floral-printed-round-neck-maternity-cotton-fit-and-flare-dress/32314103/buy
Floral Printed Round-Neck Cotton A-Line Maternity Ethnic Dress,FASHION SWAG,₹492,4 | 24 Ratings,24 Ratings,₹492 MRP ₹1999(75% OFF),Midi,Round Neck,Three-Quarter Sleeves,Regular Sleeves,A-Line,"M, L, XL, XXL",4,No,Cotton,https://www.myntra.com/ethnic-dresses/fashion+swag/fashion-swag-floral-printed-round-neck-cotton-a-line-maternity-ethnic-dress/36695722/buy
Women Maternity Plus Size Floral Printed Flared Cotton Ethnic Dress,Vaidiki,₹580,4.8 | 9 Ratings,9 Ratings,₹580 MRP ₹1599(64% OFF),Maxi,Round Neck,,Regular Sleeves,Maxi,"5XL, 6XL, 7XL, 8XL",4,No,Cotton,https://www.myntra.com/ethnic-dresses/vaidiki/vaidiki-women-maternity-plus-size-floral-printed-flared-cotton-ethnic-dress/34431754/buy
Floral Printed Ethnic Maxi Dress With Dupatta,KUNDAN FAB,₹5556,,,₹5556 MRP ₹30000(81% OFF),Maxi,Mandarin Collar,Three-Quarter Sleeves,Regular Sleeves,Maxi,XL,4,No,Crepe,https://www.myntra.com/ethnic-dresses/kundan+fab/kundan-fab-floral-printed-ethnic-maxi-dress-with-dupatta/31332223/buy
Floral Printed Round Neck Pure Cotton Midi A-line Kurta,all about you,₹594,4 | 113 Ratings,113 Ratings,₹594 MRP ₹1999(70% OFF),Midi,Round Neck,Three-Quarter Sleeves,Regular Sleeves,A-Line,"S, M, L, XXL",4,No,Cotton,https://www.myntra.com/ethnic-dresses/all+about+you/all-about-you-floral-printed-round-neck-pure-cotton-midi-a-line-kurta/32313037/buy
Floral Printed Ethnic Dress,Krunal Raiyani,₹798,,,₹798 MRP ₹1999(60% OFF),Maxi,Round Neck,,Regular Sleeves,,"S, M, L, XL, XXL",4,No,Crepe,https://www.myntra.com/ethnic-dresses/krunal+raiyani/krunal-raiyani-floral-printed-ethnic-dress/40218693/buy
Women Maternity Plus Size Floral Printed Flared Cotton Ethnic Dress,Vaidiki,₹580,4.6 | 12 Ratings,12 Ratings,₹580 MRP ₹1599(64% OFF),Maxi,Round Neck,,Regular Sleeves,Maxi,"5XL, 6XL, 7XL, 8XL",4,No,Cotton,https://www.myntra.com/ethnic-dresses/vaidiki/vaidiki-women-maternity-plus-size-floral-printed-flared-cotton-ethnic-dress/34431762/buy
Floral Printed Fit & Flared Midi Ethnic Dress,Anouk,₹1216,4 | 56 Ratings,56 Ratings,₹1216 MRP ₹3699(67% OFF),Midi,,Three-Quarter Sleeves,Regular Sleeves,,"XS, S, M, L, XL, XXL",4,No,Chiffon,https://www.myntra.com/ethnic-dresses/anouk/anouk-floral-printed-fit--flared-midi-ethnic-dress/32508235/buy
Floral Printed Pure Cotton A-Line Midi Dress,Rain & Rainbow,₹713,4.1 | 7 Ratings,7 Ratings,₹713 MRP ₹2395(70% OFF),Midi,Shoulder Straps,,,A-Line,"XS, S, M, L",4,No,Cotton,https://www.myntra.com/ethnic-dresses/rain+%26+rainbow/rain--rainbow-floral-printed-pure-cotton-a-line-midi-dress/33950526/buy
Women Floral Printed Cotton Layered Maxi Ethnic Dress,Sangria,₹1445,4.7 | 12 Ratings,12 Ratings,₹1445 MRP ₹3999(64% OFF),Maxi,Round Neck,,Regular Sleeves,Maxi,"S, M, L, XL, XXL",4,No,Cotton,https://www.myntra.com/ethnic-dresses/sangria/sangria-women-floral-printed-cotton-layered-maxi-ethnic-dress/33126785/buy
Green Floral Print Ethnic Maxi Dress,Ethnovog,MRP₹ 6254,,,MRP₹ 6254,Maxi,Square Neck,Three-Quarter Sleeves,Regular Sleeves,Maxi,"S, L, XL, XXL",4,No,Silk,https://www.myntra.com/ethnic-dresses/ethnovog/ethnovog-green-floral-print-ethnic-maxi-dress/22408852/buy
Muslin Floral Printed Anarkali Ethnic Dress & Dupatta,VASTRAMAY,₹1349,4.1 | 62 Ratings,62 Ratings,₹1349 MRP ₹2999(55% OFF),Maxi,V-Neck,,,Maxi,"4-5Y, 5-6Y, 7-8Y",4,No,Cotton,https://www.myntra.com/ethnic-dresses/vastramay/vastramay-muslin-floral-printed-anarkali-ethnic-dress--dupatta/22080248/buy
Floral Printed Gathered or Pleated Cotton A-Line Ethnic Dress,MURLI KURTI,₹497,4.1 | 2.1k Ratings,2.1k Ratings,₹497 MRP ₹2949(83% OFF),Midi,Round Neck,Three-Quarter Sleeves,Regular Sleeves,A-Line,"S, M, L, XL, XXL, 3XL",3,No,Cotton,https://www.myntra.com/ethnic-dresses/murli+kurti/murli-kurti-floral-printed-gathered-or-pleated-cotton-a-line-ethnic-dress/30742836/buy
Women Maternity Plus Size Floral Printed Flared Cotton Ethnic Dress,Vaidiki,₹580,4.8 | 12 Ratings,12 Ratings,₹580 MRP ₹1599(64% OFF),Maxi,Round Neck,,Regular Sleeves,Maxi,"5XL, 6XL, 7XL, 8XL",4,No,Cotton,https://www.myntra.com/ethnic-dresses/vaidiki/vaidiki-women-maternity-plus-size-floral-printed-flared-cotton-ethnic-dress/34431774/buy
Women Ethnic Motifs Floral Anarkali Ethnic Dress,Stylee LIFESTYLE,₹4391,,,₹4391 MRP ₹13599(68% OFF),Maxi,Round Neck,,Regular Sleeves,,XXL,4,No,Georgette,https://www.myntra.com/ethnic-dresses/stylee+lifestyle/stylee-lifestyle-women-ethnic-motifs-floral-anarkali-ethnic-dress/39986002/buy
Floral Embroidered Sequined Georgette Fit And Flare Ethnic Dress,Fashion Basket,₹1581,,,₹1581 MRP ₹7999(80% OFF),Maxi,,,Regular Sleeves,Maxi,"S, M, L, XL, XXL",4,No,Georgette,https://www.myntra.com/ethnic-dresses/fashion+basket/fashion-basket-floral-embroidered-sequined-georgette-fit-and-flare-ethnic-dress/33703783/buy
Floral Printed Fit & Flared Ethnic Dress,Neemiya,₹676,4.3 | 13 Ratings,13 Ratings,₹676 MRP ₹3099(78% OFF),Midi,Mandarin Collar,,,,"S, M, L, XL, XXL",4,No,Viscose Rayon,https://www.myntra.com/ethnic-dresses/neemiya/neemiya-floral-printed-fit--flared-ethnic-dress/36176072/buy
Floral Printed Maxi Ethnic Dress,ASPORA,₹1598,4.2 | 39 Ratings,39 Ratings,₹1598 MRP ₹4249(62% OFF),Maxi,V-Neck,,,Maxi,"S, M, L, XL, XXL",3,No,Georgette,https://www.myntra.com/ethnic-dresses/aspora/aspora-floral-printed-maxi-ethnic-dress/30484643/buy
Women Floral Printed Anarkali Ethnic Dress,NANERA,₹434,,,₹434 MRP ₹1140(62% OFF),Midi,V-Neck,Three-Quarter Sleeves,Regular Sleeves,,XL,4,No,Viscose Rayon,https://www.myntra.com/ethnic-dresses/nanera/nanera-women-floral-printed-anarkali-ethnic-dress/36649661/buy
Floral Printed Round Neck Gotta Patti Fit and Flare Maternity Ethnic Dress,MURLI KURTI,₹495,4.1 | 2.1k Ratings,2.1k Ratings,₹495 MRP ₹2949(83% OFF),Maxi,Round Neck,Three-Quarter Sleeves,Regular Sleeves,,"M, L, XL, XXL, 3XL",4,No,Cotton,https://www.myntra.com/ethnic-dresses/murli+kurti/murli-kurti-floral-printed-round-neck-gotta-patti-fit-and-flare-maternity-ethnic-dress/30742596/buy
Floral Embroidered Maxi Ethnic Dress With Dupatta,SAPTRANGI,₹18558,,,₹18558 MRP ₹34999(47% OFF),Maxi,,Short Sleeves,,Maxi,S,4,No,Satin,https://www.myntra.com/ethnic-dresses/saptrangi/saptrangi-floral-embroidered-maxi-ethnic-dress-with-dupatta-/33625267/buy
Floral Printed Maternity Anarkali Kurta,RANGEELO JAIPUR,₹455,3.8 | 40 Ratings,40 Ratings,₹455 MRP ₹2999(85% OFF),Midi,Round Neck,Three-Quarter Sleeves,Regular Sleeves,,"M, L, XL, XXL",4,No,Viscose Rayon,https://www.myntra.com/ethnic-dresses/rangeelo+jaipur/rangeelo-jaipur-floral-printed-maternity-anarkali-kurta/35236566/buy
Black Floral Embroidered Ethnic Maxi Dress,Cherry & Jerry,₹1624,4.2 | 62 Ratings,62 Ratings,₹1624 MRP ₹4999(68% OFF),Maxi,Shoulder Straps,,Regular Sleeves,Maxi,10-11Y,4,No,Georgette,https://www.myntra.com/ethnic-dresses/cherry+%26+jerry/cherry--jerry-black-floral-embroidered-ethnic-maxi-dress/20992358/buy
Floral Geometric Print Wrap Shape Ethnic Dress,Sangria,₹1022,,,₹1022 MRP ₹3299(69% OFF),Midi,V-Neck,Short Sleeves,,,"XS, S, M, L, XL, XXL",4,No,Satin,https://www.myntra.com/ethnic-dresses/sangria/sangria-floral-geometric-print-wrap-shape-ethnic-dress/36635230/buy
Sanganeri Folk Floral Printed Pure Cotton Ethnic Dress,Taavi,₹1189,4.3 | 54 Ratings,54 Ratings,₹1189 MRP ₹4199(72% OFF),Above Knee,V-Neck,Three-Quarter Sleeves,Regular Sleeves,A-Line,"XS
Rs. 1049, S
Rs. 1189, M
Rs. 1189, L
Rs. 1189, XL
Rs. 1189, XXL
Rs. 1189",3,No,Cotton,https://www.myntra.com/ethnic-dresses/taavi/taavi-sanganeri-folk-floral-printed-pure-cotton-ethnic-dress/30964940/buy
Navy Blue Floral Ethnic Midi Dress,Vishudh,₹437,4.4 | 1.2k Ratings,1.2k Ratings,₹437 MRP ₹1749(75% OFF),Midi,Mandarin Collar,,Regular Sleeves,,"XL, XXL",4,No,Cotton,https://www.myntra.com/ethnic-dresses/vishudh/vishudh-navy-blue-floral-ethnic-midi-dress/17445628/buy
Women Ethnic Motifs Floral Anarkali Ethnic Dress,Stylee LIFESTYLE,₹4328,,,₹4328 MRP ₹13399(68% OFF),Maxi,,,Regular Sleeves,,XXL,4,No,Georgette,https://www.myntra.com/ethnic-dresses/stylee+lifestyle/stylee-lifestyle-women-ethnic-motifs-floral-anarkali-ethnic-dress/39986001/buy
Floral Printed Round Neck Cotton Fit and Flare Maternity Ethnic Dress,MURLI KURTI,₹499,4.1 | 205 Ratings,205 Ratings,₹499 MRP ₹2949(83% OFF),Maxi,Round Neck,Three-Quarter Sleeves,Regular Sleeves,,"M, L, XL, XXL",3,No,Cotton,https://www.myntra.com/ethnic-dresses/murli+kurti/murli-kurti-floral-printed-round-neck-cotton-fit-and-flare-maternity-ethnic-dress/30742453/buy
Women Yellow Floral Printed Floral Anarkali Ethnic Dress,Soch,₹1999,4.2 | 18 Ratings,18 Ratings,₹1999 MRP ₹3998(50% OFF),Maxi,Round Neck,Three-Quarter Sleeves,Regular Sleeves,,"XS, XL",4,No,Cotton,https://www.myntra.com/ethnic-dresses/soch/soch-women-yellow-floral-printed-floral-anarkali-ethnic-dress/19169110/buy
women pink Floral Ethnic Maxi Dress,PIROH,₹1830,4.4 | 19 Ratings,19 Ratings,₹1830 MRP ₹7199(75% OFF),Maxi,Round Neck,Three-Quarter Sleeves,Regular Sleeves,Maxi,M,4,No,Cotton,https://www.myntra.com/ethnic-dresses/piroh/piroh-women-pink-floral-ethnic-maxi-dress/18942918/buy
Floral Printed Tiered Dress,anayna,₹1399,4.5 | 10.1k Ratings,10.1k Ratings,₹1399 MRP ₹3992(65% OFF),Maxi,V-Neck,,,,"XS, S, M, L, XL, XXL, 3XL",4,No,Cotton,https://www.myntra.com/ethnic-dresses/anayna/anayna-floral-printed-tiered-dress/39993324/buy
Women Floral Embellished Green Ethnic Dress,Adwitiya,₹4163,,,₹4163 MRP ₹8519(51% OFF),Midi,Round Neck,Three-Quarter Sleeves,Regular Sleeves,Maxi,"M, XL",4,No,Georgette,https://www.myntra.com/ethnic-dresses/adwitiya/adwitiya-women-floral-embellished-green-ethnic-dress/30866410/buy
Blue Floral Ethnic Shirt Dress,Cloth Haus India,₹2879,,,₹2879 MRP ₹3800(24% OFF),Midi,,,Regular Sleeves,,"S
Rs. 3800, M
Rs. 2879, L
Rs. 2879",4,No,Schiffli,https://www.myntra.com/ethnic-dresses/cloth+haus+india/cloth-haus-india-blue-floral-ethnic-shirt-dress/20910928/buy
Women Blue & White Pure Cotton Floral Print Maxi Dress,Divena,₹894,4.3 | 972 Ratings,972 Ratings,₹894 MRP ₹2599(66% OFF),Maxi,Shoulder Straps,,,Maxi,"XS, S, M, L, XL, XXL, 3XL, 4XL, 5XL, 6XL, 7XL",3,No,Cotton,https://www.myntra.com/ethnic-dresses/divena/divena-women-blue--white-pure-cotton-floral-print-maxi-dress/14101554/buy
Floral Printed Pure Cotton Fit & Flare Ethnic Dress,Rain & Rainbow,₹1360,4.5 | 3.1k Ratings,3.1k Ratings,₹1360 MRP ₹3595(62% OFF),Midi,Halter Neck,,,,"S, M, L, XL, XXL",3,No,Cotton,https://www.myntra.com/ethnic-dresses/rain+%26+rainbow/rain--rainbow-floral-printed-pure-cotton-fit--flare-ethnic-dress/30557109/buy
Women Silk Maroon Floral Embroidered Ethnic Dress,Sangria,₹1396,4.3 | 129 Ratings,129 Ratings,₹1396 MRP ₹4099(66% OFF),Maxi,Round Neck,Three-Quarter Sleeves,,,"S, M, L, XL",3,No,"Polyester, Poly Silk",https://www.myntra.com/ethnic-dresses/sangria/sangria-women-silk-maroon-floral-embroidered-ethnic-dress/36880461/buy
Floral Printed Embroidered Gown Ethnic Dress,Rujave,₹882,2.1 | 9 Ratings,9 Ratings,₹882 MRP ₹2999(71% OFF),Maxi,V-Neck,Three-Quarter Sleeves,Regular Sleeves,,"S, M, L, XL, XXL, 3XL, 4XL",4,No,Cotton,https://www.myntra.com/ethnic-dresses/rujave/rujave-floral-printed-embroidered-gown-ethnic-dress/32013248/buy
Floral Printed Ethnic Dress,Krunal Raiyani,₹798,,,₹798 MRP ₹1999(60% OFF),Maxi,Round Neck,,Regular Sleeves,,"S, M, L, XL, XXL",4,No,Crepe,https://www.myntra.com/ethnic-dresses/krunal+raiyani/krunal-raiyani-floral-printed-ethnic-dress/40218697/buy
Girl Floral Embroidered Maxi Ethnic Dress,Inddus,₹1799,4.4 | 8 Ratings,8 Ratings,₹1799 MRP ₹4799(63% OFF),Maxi,Round Neck,,,Maxi,"12Y, 14Y",4,No,Georgette,https://www.myntra.com/ethnic-dresses/inddus/inddus-girl-floral-embroidered-maxi-ethnic-dress/38623930/buy
Bandhani Floral Printed Fit & Flare Ethnic Dress,Chandbaali,₹1362,3.8 | 29 Ratings,29 Ratings,₹1362 MRP ₹8799(85% OFF),Maxi,Round Neck,,,Maxi,"S, M, L, XL, XXL",4,No,Viscose Rayon,https://www.myntra.com/ethnic-dresses/chandbaali/chandbaali-bandhani-floral-printed-fit--flare-ethnic-dress/33063357/buy
Floral Printed Cotton Fit & Flare Ethnic Dress,Anouk,₹596,4 | 34 Ratings,34 Ratings,₹596 MRP ₹1799(67% OFF),Midi,Round Neck,Three-Quarter Sleeves,,,"S, M, L, XL, XXL",4,No,Cotton,https://www.myntra.com/ethnic-dresses/anouk/anouk-floral-printed-cotton-fit--flare-ethnic-dress/30742988/buy
Pink Floral Jacquard Ethnic Maxi Dress,White World,₹4898,3.9 | 31 Ratings,31 Ratings,₹4898 MRP ₹4999(2% OFF),Maxi,Round Neck,,,Maxi,7-8Y,4,No,Silk,https://www.myntra.com/ethnic-dresses/white+world/white-world-pink-floral-jacquard-ethnic-maxi-dress/18330258/buy
Floral Embroidered Notch Neck Georgette Ethnic Dresses,Shae by SASSAFRAS,₹1349,4 | 246 Ratings,246 Ratings,₹1349 MRP ₹2999(55% OFF),Maxi,Round Neck,,Regular Sleeves,,"S, M, L, XL, XXL",4,No,Georgette,https://www.myntra.com/ethnic-dresses/shae+by+sassafras/shae-by-sassafras-floral-embroidered-notch-neck-georgette-ethnic-dresses/32741851/buy
Blue Floral Printed Cotton Midi Fit & Flared Dress,GLAM ROOTS,₹675,4.1 | 64 Ratings,64 Ratings,₹675 MRP ₹1999(66% OFF),Midi,Round Neck,Three-Quarter Sleeves,Regular Sleeves,,"S, M, L, XL, XXL, 3XL",4,No,Cotton,https://www.myntra.com/ethnic-dresses/glam+roots/glam-roots-blue-floral-printed-cotton-midi-fit--flared-dress/17264432/buy
Floral Embroidered Maxi Ethnic Dress With Dupatta,SAPTRANGI,₹12477,,,₹12477 MRP ₹34999(64% OFF),Maxi,,Short Sleeves,,Maxi,S,4,No,Satin,https://www.myntra.com/ethnic-dresses/saptrangi/saptrangi-floral-embroidered-maxi-ethnic-dress-with-dupatta-/33625272/buy
Floral Print Shoulder Straps Ethnic Dress,Anouk,₹593,4 | 44 Ratings,44 Ratings,₹593 MRP ₹2199(73% OFF),Midi,V-Neck,,,,"XS, S, M, L, XL, XXL",3,No,Cotton,https://www.myntra.com/ethnic-dresses/anouk/anouk-floral-print-shoulder-straps-ethnic-dress/32467219/buy
Floral Printed Round Neck Tiered Fit & Flare Midi Ethnic Dress,A&K,₹998,4.4 | 110 Ratings,110 Ratings,₹998 MRP ₹2499(60% OFF),Midi,Shoulder Straps,,,,"S, M, L, XL, XXL",3,No,Viscose Rayon,https://www.myntra.com/ethnic-dresses/a%26k/ak-floral-printed-round-neck-tiered-fit--flare-midi-ethnic-dress/32854575/buy
Yellow Floral Embroidered Ethnic Maxi Dress,Sangria,₹818,3.4 | 56 Ratings,56 Ratings,₹818 MRP ₹3499(77% OFF),Maxi,V-Neck,Three-Quarter Sleeves,Regular Sleeves,Maxi,"S, M, L",4,No,Cotton,https://www.myntra.com/ethnic-dresses/sangria/sangria-yellow-floral-embroidered-ethnic-maxi-dress/19016912/buy
Floral Printed Fit & Flare Midi Ethnic Dresses,Inddus,₹1670,,,₹1670 MRP ₹4499(63% OFF),Midi,Shoulder Straps,,,,"XS, S, M, L, XL, XXL",4,No,Georgette,https://www.myntra.com/ethnic-dresses/inddus/inddus-floral-printed-fit--flare-midi-ethnic-dresses/41284917/buy
Pink Floral Printed Maxi Ethnic Dress,Vishudh,₹989,4.2 | 220 Ratings,220 Ratings,₹989 MRP ₹5349(82% OFF),Maxi,Round Neck,Three-Quarter Sleeves,Regular Sleeves,Maxi,S,4,No,Viscose Rayon,https://www.myntra.com/ethnic-dresses/vishudh/vishudh-pink-floral-printed-maxi-ethnic-dress/24585342/buy
Plus Size Floral Printed Fit & Flare Maxi Ethnic Dress,A PLUS BY AHALYAA,₹1509,4.2 | 146 Ratings,146 Ratings,₹1509 MRP ₹6000(75% OFF),Maxi,Round Neck,,,Maxi,"3XL, 4XL, 5XL, 6XL, 7XL",3,No,Poly Silk,https://www.myntra.com/ethnic-dresses/a+plus+by+ahalyaa/a-plus-by-ahalyaa-plus-size-floral-printed-fit--flare-maxi-ethnic-dress/28392950/buy
Floral Georgette Anarkali Ethnic Dress,KALINI,₹1510,4 | 5 Ratings,5 Ratings,₹1510 MRP ₹6999(78% OFF),Maxi,Round Neck,,Regular Sleeves,,XL,4,No,Georgette,https://www.myntra.com/ethnic-dresses/kalini/kalini-floral-georgette-anarkali-ethnic-dress-/25536252/buy
Floral Embroidered Gathered Sequinned Bell Sleeves Maxi Ethnic Dress,MADHURAM,₹1537,4.5 | 474 Ratings,474 Ratings,₹1537 MRP ₹6999(78% OFF),Maxi,,Three-Quarter Sleeves,,Maxi,"S, L, XL, XXL, 3XL, 4XL",3,No,Satin,https://www.myntra.com/ethnic-dresses/madhuram/madhuram-floral-embroidered-gathered-sequinned-bell-sleeves-maxi-ethnic-dress/25100514/buy
Floral Print Cotton A-Line Midi Ethnic Dress,Sangria,₹949,4.3 | 61 Ratings,61 Ratings,₹949 MRP ₹3799(75% OFF),Midi,V-Neck,Three-Quarter Sleeves,Regular Sleeves,,"XS, S, M, L",3,Yes,Cotton,https://www.myntra.com/ethnic-dresses/sangria/sangria-floral-print-cotton-a-line-midi-ethnic-dress/32330179/buy
Floral Print Maxi Ethnic Dress,SUKRUTI DESIGN,₹4698,,,₹4698 MRP ₹5100(8% OFF),Maxi,Round Neck,Three-Quarter Sleeves,Regular Sleeves,Maxi,"XL, XXL",4,No,Silk,https://www.myntra.com/ethnic-dresses/sukruti+design/sukruti-design-floral-print-maxi-ethnic-dress/30046692/buy
Green & Red Floral Satin Ethnic Maxi Dress,WISHFUL,₹2880,4.1 | 17 Ratings,17 Ratings,₹2880 MRP ₹8999(68% OFF),Maxi,Round Neck,,Regular Sleeves,Maxi,XS,4,No,Viscose Rayon,https://www.myntra.com/ethnic-dresses/wishful/wishful-green--red-floral-satin-ethnic-maxi-dress/19822910/buy
Floral Embroidered Sequinned Georgette Fit & Flare Maxi Dress,KALINI,₹1359,4.3 | 100 Ratings,100 Ratings,₹1359 MRP ₹7999(83% OFF),Maxi,Round Neck,Three-Quarter Sleeves,Regular Sleeves,Maxi,"S
Rs. 1359, M
Rs. 1359, L
Rs. 1525, XL
Rs. 1525, XXL
Rs. 1359",3,No,Georgette,https://www.myntra.com/ethnic-dresses/kalini/kalini-floral-embroidered-sequinned-georgette-fit--flare-maxi-dress/31240672/buy
Women Blue Floral Printed Ethnic Maxi Dress,AURELIA,₹1740,4 | 119 Ratings,119 Ratings,₹1740 MRP ₹2999(42% OFF),Maxi,Round Neck,Three-Quarter Sleeves,Regular Sleeves,Maxi,"XS, S, M, L",4,No,Cotton,https://www.myntra.com/ethnic-dresses/aurelia/aurelia-women-blue-floral-printed-ethnic-maxi-dress/20561812/buy
Relaxed Fit Floral Printed A-Line Pure Cotton Midi Dress,BLACK & BLAH BLAH,₹807,4 | 1.1k Ratings,1.1k Ratings,₹807 MRP ₹3299(76% OFF),Knee Length,V-Neck,Short Sleeves,,A-Line,"S, M, L, XL, XXL",3,No,Cotton,https://www.myntra.com/ethnic-dresses/black+%26+blah+blah/black--blah-blah-relaxed-fit-floral-printed-a-line-pure-cotton-midi-dress/27950164/buy
Floral Embroidered Midi Ethnic Dress,Vorcia Febtex,₹382,3.9 | 25 Ratings,25 Ratings,₹382 MRP ₹2499(85% OFF),Midi,Round Neck,Three-Quarter Sleeves,Regular Sleeves,,"S, M, XXL",4,No,Viscose Rayon,https://www.myntra.com/ethnic-dresses/vorcia+febtex/vorcia-febtex-floral-embroidered-midi-ethnic-dress/32706437/buy
Women Floral Zari and Sequinned Embroidered Maxi Ethnic Dress,Sangria,₹1751,4.2 | 204 Ratings,204 Ratings,₹1751 MRP ₹4799(64% OFF),Maxi,V-Neck,Short Sleeves,,,"XS, S, M, L, XL",4,No,Georgette,https://www.myntra.com/ethnic-dresses/sangria/sangria-women-floral-zari-and-sequinned-embroidered-maxi-ethnic-dress/30931374/buy
Anayna Floral Printed Fit & Flare Ethnic Midi Dress,anayna,₹1304,4.5 | 230 Ratings,230 Ratings,₹1304 MRP ₹4160(69% OFF),Midi,Square Neck,,,,"XS, S, M, L, XL, XXL, 3XL",3,No,Cotton,https://www.myntra.com/ethnic-dresses/anayna/anayna-floral-printed-fit--flare-ethnic-midi-dress/32630291/buy
Floral Geometric Print Wrap Shape Ethnic Dress,Sangria,₹1055,4 | 7 Ratings,7 Ratings,₹1055 MRP ₹3299(68% OFF),Midi,V-Neck,Short Sleeves,,,"XS, S, M, L, XL, XXL",4,No,Satin,https://www.myntra.com/ethnic-dresses/sangria/sangria-floral-geometric-print-wrap-shape-ethnic-dress/36635231/buy
Floral Printed Gotta Patti Angrakha Maxi Ethnic Dress,Shae by SASSAFRAS,₹1439,4.3 | 1.1k Ratings,1.1k Ratings,₹1439 MRP ₹3199(55% OFF),Maxi,,Three-Quarter Sleeves,Regular Sleeves,,"XS, S, M, L, XL, XXL",3,No,Satin,https://www.myntra.com/ethnic-dresses/shae+by+sassafras/shae-by-sassafras-floral-printed-gotta-patti-angrakha-maxi-ethnic-dress/25052824/buy
Flared Floral Printed Pleated Ethnic Dress,Sangria,₹1899,4.4 | 7 Ratings,7 Ratings,₹1899 MRP ₹4999(62% OFF),Maxi,Keyhole Neck,,Regular Sleeves,,"S, M",4,No,Georgette,https://www.myntra.com/ethnic-dresses/sangria/sangria-flared-floral-printed-pleated-ethnic-dress/33593445/buy
